host	type	root	code	status	url
dcs.suzuki.de	root	ALTO		404	https://dcs.suzuki.de/Upload/Downloads/Service/ServiceManuals/ALTO/
dcs.suzuki.de	root	BREZZA		404	https://dcs.suzuki.de/Upload/Downloads/Service/ServiceManuals/BREZZA/
dcs.suzuki.de	root	CELERIO		404	https://dcs.suzuki.de/Upload/Downloads/Service/ServiceManuals/CELERIO/
dcs.suzuki.de	root	DZIRE		404	https://dcs.suzuki.de/Upload/Downloads/Service/ServiceManuals/DZIRE/
dcs.suzuki.de	root	EECO		404	https://dcs.suzuki.de/Upload/Downloads/Service/ServiceManuals/EECO/
dcs.suzuki.de	root	FRONX		404	https://dcs.suzuki.de/Upload/Downloads/Service/ServiceManuals/FRONX/
dcs.suzuki.de	root	IGNIS		404	https://dcs.suzuki.de/Upload/Downloads/Service/ServiceManuals/IGNIS/
dcs.suzuki.de	root	IGNIS_ATM412		404	https://dcs.suzuki.de/Upload/Downloads/Service/ServiceManuals/IGNIS_ATM412/
dcs.suzuki.de	root	JIMNY		404	https://dcs.suzuki.de/Upload/Downloads/Service/ServiceManuals/JIMNY/
dcs.suzuki.de	root	KIZASHI		404	https://dcs.suzuki.de/Upload/Downloads/Service/ServiceManuals/KIZASHI/
dcs.suzuki.de	root	S-PRESSO		404	https://dcs.suzuki.de/Upload/Downloads/Service/ServiceManuals/S-PRESSO/
dcs.suzuki.de	root	SPLASH		404	https://dcs.suzuki.de/Upload/Downloads/Service/ServiceManuals/SPLASH/
dcs.suzuki.de	root	SUPER_CARRY		404	https://dcs.suzuki.de/Upload/Downloads/Service/ServiceManuals/SUPER_CARRY/
dcs.suzuki.de	root	SWIFT_A2L310_A2L412_A2L414		404	https://dcs.suzuki.de/Upload/Downloads/Service/ServiceManuals/SWIFT_A2L310_A2L412_A2L414/
dcs.suzuki.de	root	SWIFT_AZG412_AZG413D_AZG416		404	https://dcs.suzuki.de/Upload/Downloads/Service/ServiceManuals/SWIFT_AZG412_AZG413D_AZG416/
dcs.suzuki.de	root	SX4		404	https://dcs.suzuki.de/Upload/Downloads/Service/ServiceManuals/SX4/
dcs.suzuki.de	root	SX4_RW415_RW416_RW420		404	https://dcs.suzuki.de/Upload/Downloads/Service/ServiceManuals/SX4_RW415_RW416_RW420/
dcs.suzuki.de	root	XL6		404	https://dcs.suzuki.de/Upload/Downloads/Service/ServiceManuals/XL6/
dcs.suzuki.de	index	ALTO	AENLBA0C	404	https://dcs.suzuki.de/Upload/Downloads/Service/ServiceManuals/ALTO/xml/AENLBA0C/index.html
dcs.suzuki.de	index	ALTO	AENLJA0A	404	https://dcs.suzuki.de/Upload/Downloads/Service/ServiceManuals/ALTO/xml/AENLJA0A/index.html
dcs.suzuki.de	index	ALTO	AENKSB0A	404	https://dcs.suzuki.de/Upload/Downloads/Service/ServiceManuals/ALTO/xml/AENKSB0A/index.html
dcs.suzuki.de	index	ALTO	AENLSB0A	404	https://dcs.suzuki.de/Upload/Downloads/Service/ServiceManuals/ALTO/xml/AENLSB0A/index.html
dcs.suzuki.de	index	ALTO	AENLSB0C	404	https://dcs.suzuki.de/Upload/Downloads/Service/ServiceManuals/ALTO/xml/AENLSB0C/index.html
dcs.suzuki.de	index	ALTO	ADU8RW0A	404	https://dcs.suzuki.de/Upload/Downloads/Service/ServiceManuals/ALTO/xml/ADU8RW0A/index.html
dcs.suzuki.de	index	ALTO	AEN7RW0A	404	https://dcs.suzuki.de/Upload/Downloads/Service/ServiceManuals/ALTO/xml/AEN7RW0A/index.html
dcs.suzuki.de	index	ALTO	ASP8RW0A	404	https://dcs.suzuki.de/Upload/Downloads/Service/ServiceManuals/ALTO/xml/ASP8RW0A/index.html
dcs.suzuki.de	index	BREZZA	AENLBA0C	404	https://dcs.suzuki.de/Upload/Downloads/Service/ServiceManuals/BREZZA/xml/AENLBA0C/index.html
dcs.suzuki.de	index	BREZZA	AENLJA0A	404	https://dcs.suzuki.de/Upload/Downloads/Service/ServiceManuals/BREZZA/xml/AENLJA0A/index.html
dcs.suzuki.de	index	BREZZA	AENKSB0A	404	https://dcs.suzuki.de/Upload/Downloads/Service/ServiceManuals/BREZZA/xml/AENKSB0A/index.html
dcs.suzuki.de	index	BREZZA	AENLSB0A	404	https://dcs.suzuki.de/Upload/Downloads/Service/ServiceManuals/BREZZA/xml/AENLSB0A/index.html
dcs.suzuki.de	index	BREZZA	AENLSB0C	404	https://dcs.suzuki.de/Upload/Downloads/Service/ServiceManuals/BREZZA/xml/AENLSB0C/index.html
dcs.suzuki.de	index	BREZZA	ADU8RW0A	404	https://dcs.suzuki.de/Upload/Downloads/Service/ServiceManuals/BREZZA/xml/ADU8RW0A/index.html
dcs.suzuki.de	index	BREZZA	AEN7RW0A	404	https://dcs.suzuki.de/Upload/Downloads/Service/ServiceManuals/BREZZA/xml/AEN7RW0A/index.html
dcs.suzuki.de	index	BREZZA	ASP8RW0A	404	https://dcs.suzuki.de/Upload/Downloads/Service/ServiceManuals/BREZZA/xml/ASP8RW0A/index.html
dcs.suzuki.de	index	CELERIO	AENLBA0C	404	https://dcs.suzuki.de/Upload/Downloads/Service/ServiceManuals/CELERIO/xml/AENLBA0C/index.html
dcs.suzuki.de	index	CELERIO	AENLJA0A	404	https://dcs.suzuki.de/Upload/Downloads/Service/ServiceManuals/CELERIO/xml/AENLJA0A/index.html
dcs.suzuki.de	index	CELERIO	AENKSB0A	404	https://dcs.suzuki.de/Upload/Downloads/Service/ServiceManuals/CELERIO/xml/AENKSB0A/index.html
dcs.suzuki.de	index	CELERIO	AENLSB0A	404	https://dcs.suzuki.de/Upload/Downloads/Service/ServiceManuals/CELERIO/xml/AENLSB0A/index.html
dcs.suzuki.de	index	CELERIO	AENLSB0C	404	https://dcs.suzuki.de/Upload/Downloads/Service/ServiceManuals/CELERIO/xml/AENLSB0C/index.html
dcs.suzuki.de	index	CELERIO	ADU8RW0A	404	https://dcs.suzuki.de/Upload/Downloads/Service/ServiceManuals/CELERIO/xml/ADU8RW0A/index.html
dcs.suzuki.de	index	CELERIO	AEN7RW0A	404	https://dcs.suzuki.de/Upload/Downloads/Service/ServiceManuals/CELERIO/xml/AEN7RW0A/index.html
dcs.suzuki.de	index	CELERIO	ASP8RW0A	404	https://dcs.suzuki.de/Upload/Downloads/Service/ServiceManuals/CELERIO/xml/ASP8RW0A/index.html
dcs.suzuki.de	index	DZIRE	AENLBA0C	404	https://dcs.suzuki.de/Upload/Downloads/Service/ServiceManuals/DZIRE/xml/AENLBA0C/index.html
dcs.suzuki.de	index	DZIRE	AENLJA0A	404	https://dcs.suzuki.de/Upload/Downloads/Service/ServiceManuals/DZIRE/xml/AENLJA0A/index.html
dcs.suzuki.de	index	DZIRE	AENKSB0A	404	https://dcs.suzuki.de/Upload/Downloads/Service/ServiceManuals/DZIRE/xml/AENKSB0A/index.html
dcs.suzuki.de	index	DZIRE	AENLSB0A	404	https://dcs.suzuki.de/Upload/Downloads/Service/ServiceManuals/DZIRE/xml/AENLSB0A/index.html
dcs.suzuki.de	index	DZIRE	AENLSB0C	404	https://dcs.suzuki.de/Upload/Downloads/Service/ServiceManuals/DZIRE/xml/AENLSB0C/index.html
dcs.suzuki.de	index	DZIRE	ADU8RW0A	404	https://dcs.suzuki.de/Upload/Downloads/Service/ServiceManuals/DZIRE/xml/ADU8RW0A/index.html
dcs.suzuki.de	index	DZIRE	AEN7RW0A	404	https://dcs.suzuki.de/Upload/Downloads/Service/ServiceManuals/DZIRE/xml/AEN7RW0A/index.html
dcs.suzuki.de	index	DZIRE	ASP8RW0A	404	https://dcs.suzuki.de/Upload/Downloads/Service/ServiceManuals/DZIRE/xml/ASP8RW0A/index.html
dcs.suzuki.de	index	EECO	AENLBA0C	404	https://dcs.suzuki.de/Upload/Downloads/Service/ServiceManuals/EECO/xml/AENLBA0C/index.html
dcs.suzuki.de	index	EECO	AENLJA0A	404	https://dcs.suzuki.de/Upload/Downloads/Service/ServiceManuals/EECO/xml/AENLJA0A/index.html
dcs.suzuki.de	index	EECO	AENKSB0A	404	https://dcs.suzuki.de/Upload/Downloads/Service/ServiceManuals/EECO/xml/AENKSB0A/index.html
dcs.suzuki.de	index	EECO	AENLSB0A	404	https://dcs.suzuki.de/Upload/Downloads/Service/ServiceManuals/EECO/xml/AENLSB0A/index.html
dcs.suzuki.de	index	EECO	AENLSB0C	404	https://dcs.suzuki.de/Upload/Downloads/Service/ServiceManuals/EECO/xml/AENLSB0C/index.html
dcs.suzuki.de	index	EECO	ADU8RW0A	404	https://dcs.suzuki.de/Upload/Downloads/Service/ServiceManuals/EECO/xml/ADU8RW0A/index.html
dcs.suzuki.de	index	EECO	AEN7RW0A	404	https://dcs.suzuki.de/Upload/Downloads/Service/ServiceManuals/EECO/xml/AEN7RW0A/index.html
dcs.suzuki.de	index	EECO	ASP8RW0A	404	https://dcs.suzuki.de/Upload/Downloads/Service/ServiceManuals/EECO/xml/ASP8RW0A/index.html
dcs.suzuki.de	index	FRONX	AENLBA0C	404	https://dcs.suzuki.de/Upload/Downloads/Service/ServiceManuals/FRONX/xml/AENLBA0C/index.html
dcs.suzuki.de	index	FRONX	AENLJA0A	404	https://dcs.suzuki.de/Upload/Downloads/Service/ServiceManuals/FRONX/xml/AENLJA0A/index.html
dcs.suzuki.de	index	FRONX	AENKSB0A	404	https://dcs.suzuki.de/Upload/Downloads/Service/ServiceManuals/FRONX/xml/AENKSB0A/index.html
dcs.suzuki.de	index	FRONX	AENLSB0A	404	https://dcs.suzuki.de/Upload/Downloads/Service/ServiceManuals/FRONX/xml/AENLSB0A/index.html
dcs.suzuki.de	index	FRONX	AENLSB0C	404	https://dcs.suzuki.de/Upload/Downloads/Service/ServiceManuals/FRONX/xml/AENLSB0C/index.html
dcs.suzuki.de	index	FRONX	ADU8RW0A	404	https://dcs.suzuki.de/Upload/Downloads/Service/ServiceManuals/FRONX/xml/ADU8RW0A/index.html
dcs.suzuki.de	index	FRONX	AEN7RW0A	404	https://dcs.suzuki.de/Upload/Downloads/Service/ServiceManuals/FRONX/xml/AEN7RW0A/index.html
dcs.suzuki.de	index	FRONX	ASP8RW0A	404	https://dcs.suzuki.de/Upload/Downloads/Service/ServiceManuals/FRONX/xml/ASP8RW0A/index.html
dcs.suzuki.de	index	IGNIS	AENLBA0C	404	https://dcs.suzuki.de/Upload/Downloads/Service/ServiceManuals/IGNIS/xml/AENLBA0C/index.html
dcs.suzuki.de	index	IGNIS	AENLJA0A	404	https://dcs.suzuki.de/Upload/Downloads/Service/ServiceManuals/IGNIS/xml/AENLJA0A/index.html
dcs.suzuki.de	index	IGNIS	AENKSB0A	404	https://dcs.suzuki.de/Upload/Downloads/Service/ServiceManuals/IGNIS/xml/AENKSB0A/index.html
dcs.suzuki.de	index	IGNIS	AENLSB0A	404	https://dcs.suzuki.de/Upload/Downloads/Service/ServiceManuals/IGNIS/xml/AENLSB0A/index.html
dcs.suzuki.de	index	IGNIS	AENLSB0C	404	https://dcs.suzuki.de/Upload/Downloads/Service/ServiceManuals/IGNIS/xml/AENLSB0C/index.html
dcs.suzuki.de	index	IGNIS	ADU8RW0A	404	https://dcs.suzuki.de/Upload/Downloads/Service/ServiceManuals/IGNIS/xml/ADU8RW0A/index.html
dcs.suzuki.de	index	IGNIS	AEN7RW0A	404	https://dcs.suzuki.de/Upload/Downloads/Service/ServiceManuals/IGNIS/xml/AEN7RW0A/index.html
dcs.suzuki.de	index	IGNIS	ASP8RW0A	404	https://dcs.suzuki.de/Upload/Downloads/Service/ServiceManuals/IGNIS/xml/ASP8RW0A/index.html
dcs.suzuki.de	index	IGNIS_ATM412	AENLBA0C	404	https://dcs.suzuki.de/Upload/Downloads/Service/ServiceManuals/IGNIS_ATM412/xml/AENLBA0C/index.html
dcs.suzuki.de	index	IGNIS_ATM412	AENLJA0A	404	https://dcs.suzuki.de/Upload/Downloads/Service/ServiceManuals/IGNIS_ATM412/xml/AENLJA0A/index.html
dcs.suzuki.de	index	IGNIS_ATM412	AENKSB0A	404	https://dcs.suzuki.de/Upload/Downloads/Service/ServiceManuals/IGNIS_ATM412/xml/AENKSB0A/index.html
dcs.suzuki.de	index	IGNIS_ATM412	AENLSB0A	404	https://dcs.suzuki.de/Upload/Downloads/Service/ServiceManuals/IGNIS_ATM412/xml/AENLSB0A/index.html
dcs.suzuki.de	index	IGNIS_ATM412	AENLSB0C	404	https://dcs.suzuki.de/Upload/Downloads/Service/ServiceManuals/IGNIS_ATM412/xml/AENLSB0C/index.html
dcs.suzuki.de	index	IGNIS_ATM412	ADU8RW0A	404	https://dcs.suzuki.de/Upload/Downloads/Service/ServiceManuals/IGNIS_ATM412/xml/ADU8RW0A/index.html
dcs.suzuki.de	index	IGNIS_ATM412	AEN7RW0A	404	https://dcs.suzuki.de/Upload/Downloads/Service/ServiceManuals/IGNIS_ATM412/xml/AEN7RW0A/index.html
dcs.suzuki.de	index	IGNIS_ATM412	ASP8RW0A	404	https://dcs.suzuki.de/Upload/Downloads/Service/ServiceManuals/IGNIS_ATM412/xml/ASP8RW0A/index.html
dcs.suzuki.de	index	JIMNY	AENLBA0C	404	https://dcs.suzuki.de/Upload/Downloads/Service/ServiceManuals/JIMNY/xml/AENLBA0C/index.html
dcs.suzuki.de	index	JIMNY	AENLJA0A	404	https://dcs.suzuki.de/Upload/Downloads/Service/ServiceManuals/JIMNY/xml/AENLJA0A/index.html
dcs.suzuki.de	index	JIMNY	AENKSB0A	404	https://dcs.suzuki.de/Upload/Downloads/Service/ServiceManuals/JIMNY/xml/AENKSB0A/index.html
dcs.suzuki.de	index	JIMNY	AENLSB0A	404	https://dcs.suzuki.de/Upload/Downloads/Service/ServiceManuals/JIMNY/xml/AENLSB0A/index.html
dcs.suzuki.de	index	JIMNY	AENLSB0C	404	https://dcs.suzuki.de/Upload/Downloads/Service/ServiceManuals/JIMNY/xml/AENLSB0C/index.html
dcs.suzuki.de	index	JIMNY	ADU8RW0A	404	https://dcs.suzuki.de/Upload/Downloads/Service/ServiceManuals/JIMNY/xml/ADU8RW0A/index.html
dcs.suzuki.de	index	JIMNY	AEN7RW0A	404	https://dcs.suzuki.de/Upload/Downloads/Service/ServiceManuals/JIMNY/xml/AEN7RW0A/index.html
dcs.suzuki.de	index	JIMNY	ASP8RW0A	404	https://dcs.suzuki.de/Upload/Downloads/Service/ServiceManuals/JIMNY/xml/ASP8RW0A/index.html
dcs.suzuki.de	index	KIZASHI	AENLBA0C	404	https://dcs.suzuki.de/Upload/Downloads/Service/ServiceManuals/KIZASHI/xml/AENLBA0C/index.html
dcs.suzuki.de	index	KIZASHI	AENLJA0A	404	https://dcs.suzuki.de/Upload/Downloads/Service/ServiceManuals/KIZASHI/xml/AENLJA0A/index.html
dcs.suzuki.de	index	KIZASHI	AENKSB0A	404	https://dcs.suzuki.de/Upload/Downloads/Service/ServiceManuals/KIZASHI/xml/AENKSB0A/index.html
dcs.suzuki.de	index	KIZASHI	AENLSB0A	404	https://dcs.suzuki.de/Upload/Downloads/Service/ServiceManuals/KIZASHI/xml/AENLSB0A/index.html
dcs.suzuki.de	index	KIZASHI	AENLSB0C	404	https://dcs.suzuki.de/Upload/Downloads/Service/ServiceManuals/KIZASHI/xml/AENLSB0C/index.html
dcs.suzuki.de	index	KIZASHI	ADU8RW0A	404	https://dcs.suzuki.de/Upload/Downloads/Service/ServiceManuals/KIZASHI/xml/ADU8RW0A/index.html
dcs.suzuki.de	index	KIZASHI	AEN7RW0A	404	https://dcs.suzuki.de/Upload/Downloads/Service/ServiceManuals/KIZASHI/xml/AEN7RW0A/index.html
dcs.suzuki.de	index	KIZASHI	ASP8RW0A	404	https://dcs.suzuki.de/Upload/Downloads/Service/ServiceManuals/KIZASHI/xml/ASP8RW0A/index.html
dcs.suzuki.de	index	S-PRESSO	AENLBA0C	404	https://dcs.suzuki.de/Upload/Downloads/Service/ServiceManuals/S-PRESSO/xml/AENLBA0C/index.html
dcs.suzuki.de	index	S-PRESSO	AENLJA0A	404	https://dcs.suzuki.de/Upload/Downloads/Service/ServiceManuals/S-PRESSO/xml/AENLJA0A/index.html
dcs.suzuki.de	index	S-PRESSO	AENKSB0A	404	https://dcs.suzuki.de/Upload/Downloads/Service/ServiceManuals/S-PRESSO/xml/AENKSB0A/index.html
dcs.suzuki.de	index	S-PRESSO	AENLSB0A	404	https://dcs.suzuki.de/Upload/Downloads/Service/ServiceManuals/S-PRESSO/xml/AENLSB0A/index.html
dcs.suzuki.de	index	S-PRESSO	AENLSB0C	404	https://dcs.suzuki.de/Upload/Downloads/Service/ServiceManuals/S-PRESSO/xml/AENLSB0C/index.html
dcs.suzuki.de	index	S-PRESSO	ADU8RW0A	404	https://dcs.suzuki.de/Upload/Downloads/Service/ServiceManuals/S-PRESSO/xml/ADU8RW0A/index.html
dcs.suzuki.de	index	S-PRESSO	AEN7RW0A	404	https://dcs.suzuki.de/Upload/Downloads/Service/ServiceManuals/S-PRESSO/xml/AEN7RW0A/index.html
dcs.suzuki.de	index	S-PRESSO	ASP8RW0A	404	https://dcs.suzuki.de/Upload/Downloads/Service/ServiceManuals/S-PRESSO/xml/ASP8RW0A/index.html
dcs.suzuki.de	index	SPLASH	AENLBA0C	404	https://dcs.suzuki.de/Upload/Downloads/Service/ServiceManuals/SPLASH/xml/AENLBA0C/index.html
dcs.suzuki.de	index	SPLASH	AENLJA0A	404	https://dcs.suzuki.de/Upload/Downloads/Service/ServiceManuals/SPLASH/xml/AENLJA0A/index.html
dcs.suzuki.de	index	SPLASH	AENKSB0A	404	https://dcs.suzuki.de/Upload/Downloads/Service/ServiceManuals/SPLASH/xml/AENKSB0A/index.html
dcs.suzuki.de	index	SPLASH	AENLSB0A	404	https://dcs.suzuki.de/Upload/Downloads/Service/ServiceManuals/SPLASH/xml/AENLSB0A/index.html
dcs.suzuki.de	index	SPLASH	AENLSB0C	404	https://dcs.suzuki.de/Upload/Downloads/Service/ServiceManuals/SPLASH/xml/AENLSB0C/index.html
dcs.suzuki.de	index	SPLASH	ADU8RW0A	404	https://dcs.suzuki.de/Upload/Downloads/Service/ServiceManuals/SPLASH/xml/ADU8RW0A/index.html
dcs.suzuki.de	index	SPLASH	AEN7RW0A	404	https://dcs.suzuki.de/Upload/Downloads/Service/ServiceManuals/SPLASH/xml/AEN7RW0A/index.html
dcs.suzuki.de	index	SPLASH	ASP8RW0A	404	https://dcs.suzuki.de/Upload/Downloads/Service/ServiceManuals/SPLASH/xml/ASP8RW0A/index.html
dcs.suzuki.de	index	SUPER_CARRY	AENLBA0C	404	https://dcs.suzuki.de/Upload/Downloads/Service/ServiceManuals/SUPER_CARRY/xml/AENLBA0C/index.html
dcs.suzuki.de	index	SUPER_CARRY	AENLJA0A	404	https://dcs.suzuki.de/Upload/Downloads/Service/ServiceManuals/SUPER_CARRY/xml/AENLJA0A/index.html
dcs.suzuki.de	index	SUPER_CARRY	AENKSB0A	404	https://dcs.suzuki.de/Upload/Downloads/Service/ServiceManuals/SUPER_CARRY/xml/AENKSB0A/index.html
dcs.suzuki.de	index	SUPER_CARRY	AENLSB0A	404	https://dcs.suzuki.de/Upload/Downloads/Service/ServiceManuals/SUPER_CARRY/xml/AENLSB0A/index.html
dcs.suzuki.de	index	SUPER_CARRY	AENLSB0C	404	https://dcs.suzuki.de/Upload/Downloads/Service/ServiceManuals/SUPER_CARRY/xml/AENLSB0C/index.html
dcs.suzuki.de	index	SUPER_CARRY	ADU8RW0A	404	https://dcs.suzuki.de/Upload/Downloads/Service/ServiceManuals/SUPER_CARRY/xml/ADU8RW0A/index.html
dcs.suzuki.de	index	SUPER_CARRY	AEN7RW0A	404	https://dcs.suzuki.de/Upload/Downloads/Service/ServiceManuals/SUPER_CARRY/xml/AEN7RW0A/index.html
dcs.suzuki.de	index	SUPER_CARRY	ASP8RW0A	404	https://dcs.suzuki.de/Upload/Downloads/Service/ServiceManuals/SUPER_CARRY/xml/ASP8RW0A/index.html
dcs.suzuki.de	index	SWIFT_A2L310_A2L412_A2L414	AENLBA0C	404	https://dcs.suzuki.de/Upload/Downloads/Service/ServiceManuals/SWIFT_A2L310_A2L412_A2L414/xml/AENLBA0C/index.html
dcs.suzuki.de	index	SWIFT_A2L310_A2L412_A2L414	AENLJA0A	404	https://dcs.suzuki.de/Upload/Downloads/Service/ServiceManuals/SWIFT_A2L310_A2L412_A2L414/xml/AENLJA0A/index.html
dcs.suzuki.de	index	SWIFT_A2L310_A2L412_A2L414	AENKSB0A	404	https://dcs.suzuki.de/Upload/Downloads/Service/ServiceManuals/SWIFT_A2L310_A2L412_A2L414/xml/AENKSB0A/index.html
dcs.suzuki.de	index	SWIFT_A2L310_A2L412_A2L414	AENLSB0A	404	https://dcs.suzuki.de/Upload/Downloads/Service/ServiceManuals/SWIFT_A2L310_A2L412_A2L414/xml/AENLSB0A/index.html
dcs.suzuki.de	index	SWIFT_A2L310_A2L412_A2L414	AENLSB0C	404	https://dcs.suzuki.de/Upload/Downloads/Service/ServiceManuals/SWIFT_A2L310_A2L412_A2L414/xml/AENLSB0C/index.html
dcs.suzuki.de	index	SWIFT_A2L310_A2L412_A2L414	ADU8RW0A	404	https://dcs.suzuki.de/Upload/Downloads/Service/ServiceManuals/SWIFT_A2L310_A2L412_A2L414/xml/ADU8RW0A/index.html
dcs.suzuki.de	index	SWIFT_A2L310_A2L412_A2L414	AEN7RW0A	404	https://dcs.suzuki.de/Upload/Downloads/Service/ServiceManuals/SWIFT_A2L310_A2L412_A2L414/xml/AEN7RW0A/index.html
dcs.suzuki.de	index	SWIFT_A2L310_A2L412_A2L414	ASP8RW0A	404	https://dcs.suzuki.de/Upload/Downloads/Service/ServiceManuals/SWIFT_A2L310_A2L412_A2L414/xml/ASP8RW0A/index.html
dcs.suzuki.de	index	SWIFT_AZG412_AZG413D_AZG416	AENLBA0C	404	https://dcs.suzuki.de/Upload/Downloads/Service/ServiceManuals/SWIFT_AZG412_AZG413D_AZG416/xml/AENLBA0C/index.html
dcs.suzuki.de	index	SWIFT_AZG412_AZG413D_AZG416	AENLJA0A	404	https://dcs.suzuki.de/Upload/Downloads/Service/ServiceManuals/SWIFT_AZG412_AZG413D_AZG416/xml/AENLJA0A/index.html
dcs.suzuki.de	index	SWIFT_AZG412_AZG413D_AZG416	AENKSB0A	404	https://dcs.suzuki.de/Upload/Downloads/Service/ServiceManuals/SWIFT_AZG412_AZG413D_AZG416/xml/AENKSB0A/index.html
dcs.suzuki.de	index	SWIFT_AZG412_AZG413D_AZG416	AENLSB0A	404	https://dcs.suzuki.de/Upload/Downloads/Service/ServiceManuals/SWIFT_AZG412_AZG413D_AZG416/xml/AENLSB0A/index.html
dcs.suzuki.de	index	SWIFT_AZG412_AZG413D_AZG416	AENLSB0C	404	https://dcs.suzuki.de/Upload/Downloads/Service/ServiceManuals/SWIFT_AZG412_AZG413D_AZG416/xml/AENLSB0C/index.html
dcs.suzuki.de	index	SWIFT_AZG412_AZG413D_AZG416	ADU8RW0A	404	https://dcs.suzuki.de/Upload/Downloads/Service/ServiceManuals/SWIFT_AZG412_AZG413D_AZG416/xml/ADU8RW0A/index.html
dcs.suzuki.de	index	SWIFT_AZG412_AZG413D_AZG416	AEN7RW0A	404	https://dcs.suzuki.de/Upload/Downloads/Service/ServiceManuals/SWIFT_AZG412_AZG413D_AZG416/xml/AEN7RW0A/index.html
dcs.suzuki.de	index	SWIFT_AZG412_AZG413D_AZG416	ASP8RW0A	404	https://dcs.suzuki.de/Upload/Downloads/Service/ServiceManuals/SWIFT_AZG412_AZG413D_AZG416/xml/ASP8RW0A/index.html
dcs.suzuki.de	index	SX4	AENLBA0C	404	https://dcs.suzuki.de/Upload/Downloads/Service/ServiceManuals/SX4/xml/AENLBA0C/index.html
dcs.suzuki.de	index	SX4	AENLJA0A	404	https://dcs.suzuki.de/Upload/Downloads/Service/ServiceManuals/SX4/xml/AENLJA0A/index.html
dcs.suzuki.de	index	SX4	AENKSB0A	404	https://dcs.suzuki.de/Upload/Downloads/Service/ServiceManuals/SX4/xml/AENKSB0A/index.html
dcs.suzuki.de	index	SX4	AENLSB0A	404	https://dcs.suzuki.de/Upload/Downloads/Service/ServiceManuals/SX4/xml/AENLSB0A/index.html
dcs.suzuki.de	index	SX4	AENLSB0C	404	https://dcs.suzuki.de/Upload/Downloads/Service/ServiceManuals/SX4/xml/AENLSB0C/index.html
dcs.suzuki.de	index	SX4	ADU8RW0A	404	https://dcs.suzuki.de/Upload/Downloads/Service/ServiceManuals/SX4/xml/ADU8RW0A/index.html
dcs.suzuki.de	index	SX4	AEN7RW0A	404	https://dcs.suzuki.de/Upload/Downloads/Service/ServiceManuals/SX4/xml/AEN7RW0A/index.html
dcs.suzuki.de	index	SX4	ASP8RW0A	404	https://dcs.suzuki.de/Upload/Downloads/Service/ServiceManuals/SX4/xml/ASP8RW0A/index.html
dcs.suzuki.de	index	SX4_RW415_RW416_RW420	AENLBA0C	404	https://dcs.suzuki.de/Upload/Downloads/Service/ServiceManuals/SX4_RW415_RW416_RW420/xml/AENLBA0C/index.html
dcs.suzuki.de	index	SX4_RW415_RW416_RW420	AENLJA0A	404	https://dcs.suzuki.de/Upload/Downloads/Service/ServiceManuals/SX4_RW415_RW416_RW420/xml/AENLJA0A/index.html
dcs.suzuki.de	index	SX4_RW415_RW416_RW420	AENKSB0A	404	https://dcs.suzuki.de/Upload/Downloads/Service/ServiceManuals/SX4_RW415_RW416_RW420/xml/AENKSB0A/index.html
dcs.suzuki.de	index	SX4_RW415_RW416_RW420	AENLSB0A	404	https://dcs.suzuki.de/Upload/Downloads/Service/ServiceManuals/SX4_RW415_RW416_RW420/xml/AENLSB0A/index.html
dcs.suzuki.de	index	SX4_RW415_RW416_RW420	AENLSB0C	404	https://dcs.suzuki.de/Upload/Downloads/Service/ServiceManuals/SX4_RW415_RW416_RW420/xml/AENLSB0C/index.html
dcs.suzuki.de	index	SX4_RW415_RW416_RW420	ADU8RW0A	404	https://dcs.suzuki.de/Upload/Downloads/Service/ServiceManuals/SX4_RW415_RW416_RW420/xml/ADU8RW0A/index.html
dcs.suzuki.de	index	SX4_RW415_RW416_RW420	AEN7RW0A	404	https://dcs.suzuki.de/Upload/Downloads/Service/ServiceManuals/SX4_RW415_RW416_RW420/xml/AEN7RW0A/index.html
dcs.suzuki.de	index	SX4_RW415_RW416_RW420	ASP8RW0A	404	https://dcs.suzuki.de/Upload/Downloads/Service/ServiceManuals/SX4_RW415_RW416_RW420/xml/ASP8RW0A/index.html
dcs.suzuki.de	index	XL6	AENLBA0C	404	https://dcs.suzuki.de/Upload/Downloads/Service/ServiceManuals/XL6/xml/AENLBA0C/index.html
dcs.suzuki.de	index	XL6	AENLJA0A	404	https://dcs.suzuki.de/Upload/Downloads/Service/ServiceManuals/XL6/xml/AENLJA0A/index.html
dcs.suzuki.de	index	XL6	AENKSB0A	404	https://dcs.suzuki.de/Upload/Downloads/Service/ServiceManuals/XL6/xml/AENKSB0A/index.html
dcs.suzuki.de	index	XL6	AENLSB0A	404	https://dcs.suzuki.de/Upload/Downloads/Service/ServiceManuals/XL6/xml/AENLSB0A/index.html
dcs.suzuki.de	index	XL6	AENLSB0C	404	https://dcs.suzuki.de/Upload/Downloads/Service/ServiceManuals/XL6/xml/AENLSB0C/index.html
dcs.suzuki.de	index	XL6	ADU8RW0A	404	https://dcs.suzuki.de/Upload/Downloads/Service/ServiceManuals/XL6/xml/ADU8RW0A/index.html
dcs.suzuki.de	index	XL6	AEN7RW0A	404	https://dcs.suzuki.de/Upload/Downloads/Service/ServiceManuals/XL6/xml/AEN7RW0A/index.html
dcs.suzuki.de	index	XL6	ASP8RW0A	404	https://dcs.suzuki.de/Upload/Downloads/Service/ServiceManuals/XL6/xml/ASP8RW0A/index.html
dcs.suzuki.hu	root	ALTO		404	https://dcs.suzuki.hu/Upload/Downloads/Service/ServiceManuals/ALTO/
dcs.suzuki.hu	root	BREZZA		404	https://dcs.suzuki.hu/Upload/Downloads/Service/ServiceManuals/BREZZA/
dcs.suzuki.hu	root	CELERIO		404	https://dcs.suzuki.hu/Upload/Downloads/Service/ServiceManuals/CELERIO/
dcs.suzuki.hu	root	DZIRE		404	https://dcs.suzuki.hu/Upload/Downloads/Service/ServiceManuals/DZIRE/
dcs.suzuki.hu	root	EECO		404	https://dcs.suzuki.hu/Upload/Downloads/Service/ServiceManuals/EECO/
dcs.suzuki.hu	root	FRONX		404	https://dcs.suzuki.hu/Upload/Downloads/Service/ServiceManuals/FRONX/
dcs.suzuki.hu	root	IGNIS		404	https://dcs.suzuki.hu/Upload/Downloads/Service/ServiceManuals/IGNIS/
dcs.suzuki.hu	root	IGNIS_ATM412		404	https://dcs.suzuki.hu/Upload/Downloads/Service/ServiceManuals/IGNIS_ATM412/
dcs.suzuki.hu	root	JIMNY		404	https://dcs.suzuki.hu/Upload/Downloads/Service/ServiceManuals/JIMNY/
dcs.suzuki.hu	root	KIZASHI		404	https://dcs.suzuki.hu/Upload/Downloads/Service/ServiceManuals/KIZASHI/
dcs.suzuki.hu	root	S-PRESSO		404	https://dcs.suzuki.hu/Upload/Downloads/Service/ServiceManuals/S-PRESSO/
dcs.suzuki.hu	root	SPLASH		404	https://dcs.suzuki.hu/Upload/Downloads/Service/ServiceManuals/SPLASH/
dcs.suzuki.hu	root	SUPER_CARRY		404	https://dcs.suzuki.hu/Upload/Downloads/Service/ServiceManuals/SUPER_CARRY/
dcs.suzuki.hu	root	SWIFT_A2L310_A2L412_A2L414		404	https://dcs.suzuki.hu/Upload/Downloads/Service/ServiceManuals/SWIFT_A2L310_A2L412_A2L414/
dcs.suzuki.hu	root	SWIFT_AZG412_AZG413D_AZG416		404	https://dcs.suzuki.hu/Upload/Downloads/Service/ServiceManuals/SWIFT_AZG412_AZG413D_AZG416/
dcs.suzuki.hu	root	SX4		404	https://dcs.suzuki.hu/Upload/Downloads/Service/ServiceManuals/SX4/
dcs.suzuki.hu	root	SX4_RW415_RW416_RW420		404	https://dcs.suzuki.hu/Upload/Downloads/Service/ServiceManuals/SX4_RW415_RW416_RW420/
dcs.suzuki.hu	root	XL6		404	https://dcs.suzuki.hu/Upload/Downloads/Service/ServiceManuals/XL6/
dcs.suzuki.hu	index	ALTO	AENLBA0C	404	https://dcs.suzuki.hu/Upload/Downloads/Service/ServiceManuals/ALTO/xml/AENLBA0C/index.html
dcs.suzuki.hu	index	ALTO	AENLJA0A	404	https://dcs.suzuki.hu/Upload/Downloads/Service/ServiceManuals/ALTO/xml/AENLJA0A/index.html
dcs.suzuki.hu	index	ALTO	AENKSB0A	404	https://dcs.suzuki.hu/Upload/Downloads/Service/ServiceManuals/ALTO/xml/AENKSB0A/index.html
dcs.suzuki.hu	index	ALTO	AENLSB0A	404	https://dcs.suzuki.hu/Upload/Downloads/Service/ServiceManuals/ALTO/xml/AENLSB0A/index.html
dcs.suzuki.hu	index	ALTO	AENLSB0C	404	https://dcs.suzuki.hu/Upload/Downloads/Service/ServiceManuals/ALTO/xml/AENLSB0C/index.html
dcs.suzuki.hu	index	ALTO	ADU8RW0A	404	https://dcs.suzuki.hu/Upload/Downloads/Service/ServiceManuals/ALTO/xml/ADU8RW0A/index.html
dcs.suzuki.hu	index	ALTO	AEN7RW0A	404	https://dcs.suzuki.hu/Upload/Downloads/Service/ServiceManuals/ALTO/xml/AEN7RW0A/index.html
dcs.suzuki.hu	index	ALTO	ASP8RW0A	404	https://dcs.suzuki.hu/Upload/Downloads/Service/ServiceManuals/ALTO/xml/ASP8RW0A/index.html
dcs.suzuki.hu	index	BREZZA	AENLBA0C	404	https://dcs.suzuki.hu/Upload/Downloads/Service/ServiceManuals/BREZZA/xml/AENLBA0C/index.html
dcs.suzuki.hu	index	BREZZA	AENLJA0A	404	https://dcs.suzuki.hu/Upload/Downloads/Service/ServiceManuals/BREZZA/xml/AENLJA0A/index.html
dcs.suzuki.hu	index	BREZZA	AENKSB0A	404	https://dcs.suzuki.hu/Upload/Downloads/Service/ServiceManuals/BREZZA/xml/AENKSB0A/index.html
dcs.suzuki.hu	index	BREZZA	AENLSB0A	404	https://dcs.suzuki.hu/Upload/Downloads/Service/ServiceManuals/BREZZA/xml/AENLSB0A/index.html
dcs.suzuki.hu	index	BREZZA	AENLSB0C	404	https://dcs.suzuki.hu/Upload/Downloads/Service/ServiceManuals/BREZZA/xml/AENLSB0C/index.html
dcs.suzuki.hu	index	BREZZA	ADU8RW0A	404	https://dcs.suzuki.hu/Upload/Downloads/Service/ServiceManuals/BREZZA/xml/ADU8RW0A/index.html
dcs.suzuki.hu	index	BREZZA	AEN7RW0A	404	https://dcs.suzuki.hu/Upload/Downloads/Service/ServiceManuals/BREZZA/xml/AEN7RW0A/index.html
dcs.suzuki.hu	index	BREZZA	ASP8RW0A	404	https://dcs.suzuki.hu/Upload/Downloads/Service/ServiceManuals/BREZZA/xml/ASP8RW0A/index.html
dcs.suzuki.hu	index	CELERIO	AENLBA0C	404	https://dcs.suzuki.hu/Upload/Downloads/Service/ServiceManuals/CELERIO/xml/AENLBA0C/index.html
dcs.suzuki.hu	index	CELERIO	AENLJA0A	404	https://dcs.suzuki.hu/Upload/Downloads/Service/ServiceManuals/CELERIO/xml/AENLJA0A/index.html
dcs.suzuki.hu	index	CELERIO	AENKSB0A	404	https://dcs.suzuki.hu/Upload/Downloads/Service/ServiceManuals/CELERIO/xml/AENKSB0A/index.html
dcs.suzuki.hu	index	CELERIO	AENLSB0A	404	https://dcs.suzuki.hu/Upload/Downloads/Service/ServiceManuals/CELERIO/xml/AENLSB0A/index.html
dcs.suzuki.hu	index	CELERIO	AENLSB0C	404	https://dcs.suzuki.hu/Upload/Downloads/Service/ServiceManuals/CELERIO/xml/AENLSB0C/index.html
dcs.suzuki.hu	index	CELERIO	ADU8RW0A	404	https://dcs.suzuki.hu/Upload/Downloads/Service/ServiceManuals/CELERIO/xml/ADU8RW0A/index.html
dcs.suzuki.hu	index	CELERIO	AEN7RW0A	404	https://dcs.suzuki.hu/Upload/Downloads/Service/ServiceManuals/CELERIO/xml/AEN7RW0A/index.html
dcs.suzuki.hu	index	CELERIO	ASP8RW0A	404	https://dcs.suzuki.hu/Upload/Downloads/Service/ServiceManuals/CELERIO/xml/ASP8RW0A/index.html
dcs.suzuki.hu	index	DZIRE	AENLBA0C	404	https://dcs.suzuki.hu/Upload/Downloads/Service/ServiceManuals/DZIRE/xml/AENLBA0C/index.html
dcs.suzuki.hu	index	DZIRE	AENLJA0A	404	https://dcs.suzuki.hu/Upload/Downloads/Service/ServiceManuals/DZIRE/xml/AENLJA0A/index.html
dcs.suzuki.hu	index	DZIRE	AENKSB0A	404	https://dcs.suzuki.hu/Upload/Downloads/Service/ServiceManuals/DZIRE/xml/AENKSB0A/index.html
dcs.suzuki.hu	index	DZIRE	AENLSB0A	404	https://dcs.suzuki.hu/Upload/Downloads/Service/ServiceManuals/DZIRE/xml/AENLSB0A/index.html
dcs.suzuki.hu	index	DZIRE	AENLSB0C	404	https://dcs.suzuki.hu/Upload/Downloads/Service/ServiceManuals/DZIRE/xml/AENLSB0C/index.html
dcs.suzuki.hu	index	DZIRE	ADU8RW0A	404	https://dcs.suzuki.hu/Upload/Downloads/Service/ServiceManuals/DZIRE/xml/ADU8RW0A/index.html
dcs.suzuki.hu	index	DZIRE	AEN7RW0A	404	https://dcs.suzuki.hu/Upload/Downloads/Service/ServiceManuals/DZIRE/xml/AEN7RW0A/index.html
dcs.suzuki.hu	index	DZIRE	ASP8RW0A	404	https://dcs.suzuki.hu/Upload/Downloads/Service/ServiceManuals/DZIRE/xml/ASP8RW0A/index.html
dcs.suzuki.hu	index	EECO	AENLBA0C	404	https://dcs.suzuki.hu/Upload/Downloads/Service/ServiceManuals/EECO/xml/AENLBA0C/index.html
dcs.suzuki.hu	index	EECO	AENLJA0A	404	https://dcs.suzuki.hu/Upload/Downloads/Service/ServiceManuals/EECO/xml/AENLJA0A/index.html
dcs.suzuki.hu	index	EECO	AENKSB0A	404	https://dcs.suzuki.hu/Upload/Downloads/Service/ServiceManuals/EECO/xml/AENKSB0A/index.html
dcs.suzuki.hu	index	EECO	AENLSB0A	404	https://dcs.suzuki.hu/Upload/Downloads/Service/ServiceManuals/EECO/xml/AENLSB0A/index.html
dcs.suzuki.hu	index	EECO	AENLSB0C	404	https://dcs.suzuki.hu/Upload/Downloads/Service/ServiceManuals/EECO/xml/AENLSB0C/index.html
dcs.suzuki.hu	index	EECO	ADU8RW0A	404	https://dcs.suzuki.hu/Upload/Downloads/Service/ServiceManuals/EECO/xml/ADU8RW0A/index.html
dcs.suzuki.hu	index	EECO	AEN7RW0A	404	https://dcs.suzuki.hu/Upload/Downloads/Service/ServiceManuals/EECO/xml/AEN7RW0A/index.html
dcs.suzuki.hu	index	EECO	ASP8RW0A	404	https://dcs.suzuki.hu/Upload/Downloads/Service/ServiceManuals/EECO/xml/ASP8RW0A/index.html
dcs.suzuki.hu	index	FRONX	AENLBA0C	404	https://dcs.suzuki.hu/Upload/Downloads/Service/ServiceManuals/FRONX/xml/AENLBA0C/index.html
dcs.suzuki.hu	index	FRONX	AENLJA0A	404	https://dcs.suzuki.hu/Upload/Downloads/Service/ServiceManuals/FRONX/xml/AENLJA0A/index.html
dcs.suzuki.hu	index	FRONX	AENKSB0A	404	https://dcs.suzuki.hu/Upload/Downloads/Service/ServiceManuals/FRONX/xml/AENKSB0A/index.html
dcs.suzuki.hu	index	FRONX	AENLSB0A	404	https://dcs.suzuki.hu/Upload/Downloads/Service/ServiceManuals/FRONX/xml/AENLSB0A/index.html
dcs.suzuki.hu	index	FRONX	AENLSB0C	404	https://dcs.suzuki.hu/Upload/Downloads/Service/ServiceManuals/FRONX/xml/AENLSB0C/index.html
dcs.suzuki.hu	index	FRONX	ADU8RW0A	404	https://dcs.suzuki.hu/Upload/Downloads/Service/ServiceManuals/FRONX/xml/ADU8RW0A/index.html
dcs.suzuki.hu	index	FRONX	AEN7RW0A	404	https://dcs.suzuki.hu/Upload/Downloads/Service/ServiceManuals/FRONX/xml/AEN7RW0A/index.html
dcs.suzuki.hu	index	FRONX	ASP8RW0A	404	https://dcs.suzuki.hu/Upload/Downloads/Service/ServiceManuals/FRONX/xml/ASP8RW0A/index.html
dcs.suzuki.hu	index	IGNIS	AENLBA0C	404	https://dcs.suzuki.hu/Upload/Downloads/Service/ServiceManuals/IGNIS/xml/AENLBA0C/index.html
dcs.suzuki.hu	index	IGNIS	AENLJA0A	404	https://dcs.suzuki.hu/Upload/Downloads/Service/ServiceManuals/IGNIS/xml/AENLJA0A/index.html
dcs.suzuki.hu	index	IGNIS	AENKSB0A	404	https://dcs.suzuki.hu/Upload/Downloads/Service/ServiceManuals/IGNIS/xml/AENKSB0A/index.html
dcs.suzuki.hu	index	IGNIS	AENLSB0A	404	https://dcs.suzuki.hu/Upload/Downloads/Service/ServiceManuals/IGNIS/xml/AENLSB0A/index.html
dcs.suzuki.hu	index	IGNIS	AENLSB0C	404	https://dcs.suzuki.hu/Upload/Downloads/Service/ServiceManuals/IGNIS/xml/AENLSB0C/index.html
dcs.suzuki.hu	index	IGNIS	ADU8RW0A	404	https://dcs.suzuki.hu/Upload/Downloads/Service/ServiceManuals/IGNIS/xml/ADU8RW0A/index.html
dcs.suzuki.hu	index	IGNIS	AEN7RW0A	404	https://dcs.suzuki.hu/Upload/Downloads/Service/ServiceManuals/IGNIS/xml/AEN7RW0A/index.html
dcs.suzuki.hu	index	IGNIS	ASP8RW0A	404	https://dcs.suzuki.hu/Upload/Downloads/Service/ServiceManuals/IGNIS/xml/ASP8RW0A/index.html
dcs.suzuki.hu	index	IGNIS_ATM412	AENLBA0C	404	https://dcs.suzuki.hu/Upload/Downloads/Service/ServiceManuals/IGNIS_ATM412/xml/AENLBA0C/index.html
dcs.suzuki.hu	index	IGNIS_ATM412	AENLJA0A	404	https://dcs.suzuki.hu/Upload/Downloads/Service/ServiceManuals/IGNIS_ATM412/xml/AENLJA0A/index.html
dcs.suzuki.hu	index	IGNIS_ATM412	AENKSB0A	404	https://dcs.suzuki.hu/Upload/Downloads/Service/ServiceManuals/IGNIS_ATM412/xml/AENKSB0A/index.html
dcs.suzuki.hu	index	IGNIS_ATM412	AENLSB0A	404	https://dcs.suzuki.hu/Upload/Downloads/Service/ServiceManuals/IGNIS_ATM412/xml/AENLSB0A/index.html
dcs.suzuki.hu	index	IGNIS_ATM412	AENLSB0C	404	https://dcs.suzuki.hu/Upload/Downloads/Service/ServiceManuals/IGNIS_ATM412/xml/AENLSB0C/index.html
dcs.suzuki.hu	index	IGNIS_ATM412	ADU8RW0A	404	https://dcs.suzuki.hu/Upload/Downloads/Service/ServiceManuals/IGNIS_ATM412/xml/ADU8RW0A/index.html
dcs.suzuki.hu	index	IGNIS_ATM412	AEN7RW0A	404	https://dcs.suzuki.hu/Upload/Downloads/Service/ServiceManuals/IGNIS_ATM412/xml/AEN7RW0A/index.html
dcs.suzuki.hu	index	IGNIS_ATM412	ASP8RW0A	404	https://dcs.suzuki.hu/Upload/Downloads/Service/ServiceManuals/IGNIS_ATM412/xml/ASP8RW0A/index.html
dcs.suzuki.hu	index	JIMNY	AENLBA0C	404	https://dcs.suzuki.hu/Upload/Downloads/Service/ServiceManuals/JIMNY/xml/AENLBA0C/index.html
dcs.suzuki.hu	index	JIMNY	AENLJA0A	404	https://dcs.suzuki.hu/Upload/Downloads/Service/ServiceManuals/JIMNY/xml/AENLJA0A/index.html
dcs.suzuki.hu	index	JIMNY	AENKSB0A	404	https://dcs.suzuki.hu/Upload/Downloads/Service/ServiceManuals/JIMNY/xml/AENKSB0A/index.html
dcs.suzuki.hu	index	JIMNY	AENLSB0A	404	https://dcs.suzuki.hu/Upload/Downloads/Service/ServiceManuals/JIMNY/xml/AENLSB0A/index.html
dcs.suzuki.hu	index	JIMNY	AENLSB0C	404	https://dcs.suzuki.hu/Upload/Downloads/Service/ServiceManuals/JIMNY/xml/AENLSB0C/index.html
dcs.suzuki.hu	index	JIMNY	ADU8RW0A	404	https://dcs.suzuki.hu/Upload/Downloads/Service/ServiceManuals/JIMNY/xml/ADU8RW0A/index.html
dcs.suzuki.hu	index	JIMNY	AEN7RW0A	404	https://dcs.suzuki.hu/Upload/Downloads/Service/ServiceManuals/JIMNY/xml/AEN7RW0A/index.html
dcs.suzuki.hu	index	JIMNY	ASP8RW0A	404	https://dcs.suzuki.hu/Upload/Downloads/Service/ServiceManuals/JIMNY/xml/ASP8RW0A/index.html
dcs.suzuki.hu	index	KIZASHI	AENLBA0C	404	https://dcs.suzuki.hu/Upload/Downloads/Service/ServiceManuals/KIZASHI/xml/AENLBA0C/index.html
dcs.suzuki.hu	index	KIZASHI	AENLJA0A	404	https://dcs.suzuki.hu/Upload/Downloads/Service/ServiceManuals/KIZASHI/xml/AENLJA0A/index.html
dcs.suzuki.hu	index	KIZASHI	AENKSB0A	404	https://dcs.suzuki.hu/Upload/Downloads/Service/ServiceManuals/KIZASHI/xml/AENKSB0A/index.html
dcs.suzuki.hu	index	KIZASHI	AENLSB0A	404	https://dcs.suzuki.hu/Upload/Downloads/Service/ServiceManuals/KIZASHI/xml/AENLSB0A/index.html
dcs.suzuki.hu	index	KIZASHI	AENLSB0C	404	https://dcs.suzuki.hu/Upload/Downloads/Service/ServiceManuals/KIZASHI/xml/AENLSB0C/index.html
dcs.suzuki.hu	index	KIZASHI	ADU8RW0A	404	https://dcs.suzuki.hu/Upload/Downloads/Service/ServiceManuals/KIZASHI/xml/ADU8RW0A/index.html
dcs.suzuki.hu	index	KIZASHI	AEN7RW0A	404	https://dcs.suzuki.hu/Upload/Downloads/Service/ServiceManuals/KIZASHI/xml/AEN7RW0A/index.html
dcs.suzuki.hu	index	KIZASHI	ASP8RW0A	404	https://dcs.suzuki.hu/Upload/Downloads/Service/ServiceManuals/KIZASHI/xml/ASP8RW0A/index.html
dcs.suzuki.hu	index	S-PRESSO	AENLBA0C	404	https://dcs.suzuki.hu/Upload/Downloads/Service/ServiceManuals/S-PRESSO/xml/AENLBA0C/index.html
dcs.suzuki.hu	index	S-PRESSO	AENLJA0A	404	https://dcs.suzuki.hu/Upload/Downloads/Service/ServiceManuals/S-PRESSO/xml/AENLJA0A/index.html
dcs.suzuki.hu	index	S-PRESSO	AENKSB0A	404	https://dcs.suzuki.hu/Upload/Downloads/Service/ServiceManuals/S-PRESSO/xml/AENKSB0A/index.html
dcs.suzuki.hu	index	S-PRESSO	AENLSB0A	404	https://dcs.suzuki.hu/Upload/Downloads/Service/ServiceManuals/S-PRESSO/xml/AENLSB0A/index.html
dcs.suzuki.hu	index	S-PRESSO	AENLSB0C	404	https://dcs.suzuki.hu/Upload/Downloads/Service/ServiceManuals/S-PRESSO/xml/AENLSB0C/index.html
dcs.suzuki.hu	index	S-PRESSO	ADU8RW0A	404	https://dcs.suzuki.hu/Upload/Downloads/Service/ServiceManuals/S-PRESSO/xml/ADU8RW0A/index.html
dcs.suzuki.hu	index	S-PRESSO	AEN7RW0A	404	https://dcs.suzuki.hu/Upload/Downloads/Service/ServiceManuals/S-PRESSO/xml/AEN7RW0A/index.html
dcs.suzuki.hu	index	S-PRESSO	ASP8RW0A	404	https://dcs.suzuki.hu/Upload/Downloads/Service/ServiceManuals/S-PRESSO/xml/ASP8RW0A/index.html
dcs.suzuki.hu	index	SPLASH	AENLBA0C	404	https://dcs.suzuki.hu/Upload/Downloads/Service/ServiceManuals/SPLASH/xml/AENLBA0C/index.html
dcs.suzuki.hu	index	SPLASH	AENLJA0A	404	https://dcs.suzuki.hu/Upload/Downloads/Service/ServiceManuals/SPLASH/xml/AENLJA0A/index.html
dcs.suzuki.hu	index	SPLASH	AENKSB0A	404	https://dcs.suzuki.hu/Upload/Downloads/Service/ServiceManuals/SPLASH/xml/AENKSB0A/index.html
dcs.suzuki.hu	index	SPLASH	AENLSB0A	404	https://dcs.suzuki.hu/Upload/Downloads/Service/ServiceManuals/SPLASH/xml/AENLSB0A/index.html
dcs.suzuki.hu	index	SPLASH	AENLSB0C	404	https://dcs.suzuki.hu/Upload/Downloads/Service/ServiceManuals/SPLASH/xml/AENLSB0C/index.html
dcs.suzuki.hu	index	SPLASH	ADU8RW0A	404	https://dcs.suzuki.hu/Upload/Downloads/Service/ServiceManuals/SPLASH/xml/ADU8RW0A/index.html
dcs.suzuki.hu	index	SPLASH	AEN7RW0A	404	https://dcs.suzuki.hu/Upload/Downloads/Service/ServiceManuals/SPLASH/xml/AEN7RW0A/index.html
dcs.suzuki.hu	index	SPLASH	ASP8RW0A	404	https://dcs.suzuki.hu/Upload/Downloads/Service/ServiceManuals/SPLASH/xml/ASP8RW0A/index.html
dcs.suzuki.hu	index	SUPER_CARRY	AENLBA0C	404	https://dcs.suzuki.hu/Upload/Downloads/Service/ServiceManuals/SUPER_CARRY/xml/AENLBA0C/index.html
dcs.suzuki.hu	index	SUPER_CARRY	AENLJA0A	404	https://dcs.suzuki.hu/Upload/Downloads/Service/ServiceManuals/SUPER_CARRY/xml/AENLJA0A/index.html
dcs.suzuki.hu	index	SUPER_CARRY	AENKSB0A	404	https://dcs.suzuki.hu/Upload/Downloads/Service/ServiceManuals/SUPER_CARRY/xml/AENKSB0A/index.html
dcs.suzuki.hu	index	SUPER_CARRY	AENLSB0A	404	https://dcs.suzuki.hu/Upload/Downloads/Service/ServiceManuals/SUPER_CARRY/xml/AENLSB0A/index.html
dcs.suzuki.hu	index	SUPER_CARRY	AENLSB0C	404	https://dcs.suzuki.hu/Upload/Downloads/Service/ServiceManuals/SUPER_CARRY/xml/AENLSB0C/index.html
dcs.suzuki.hu	index	SUPER_CARRY	ADU8RW0A	404	https://dcs.suzuki.hu/Upload/Downloads/Service/ServiceManuals/SUPER_CARRY/xml/ADU8RW0A/index.html
dcs.suzuki.hu	index	SUPER_CARRY	AEN7RW0A	404	https://dcs.suzuki.hu/Upload/Downloads/Service/ServiceManuals/SUPER_CARRY/xml/AEN7RW0A/index.html
dcs.suzuki.hu	index	SUPER_CARRY	ASP8RW0A	404	https://dcs.suzuki.hu/Upload/Downloads/Service/ServiceManuals/SUPER_CARRY/xml/ASP8RW0A/index.html
dcs.suzuki.hu	index	SWIFT_A2L310_A2L412_A2L414	AENLBA0C	404	https://dcs.suzuki.hu/Upload/Downloads/Service/ServiceManuals/SWIFT_A2L310_A2L412_A2L414/xml/AENLBA0C/index.html
dcs.suzuki.hu	index	SWIFT_A2L310_A2L412_A2L414	AENLJA0A	404	https://dcs.suzuki.hu/Upload/Downloads/Service/ServiceManuals/SWIFT_A2L310_A2L412_A2L414/xml/AENLJA0A/index.html
dcs.suzuki.hu	index	SWIFT_A2L310_A2L412_A2L414	AENKSB0A	404	https://dcs.suzuki.hu/Upload/Downloads/Service/ServiceManuals/SWIFT_A2L310_A2L412_A2L414/xml/AENKSB0A/index.html
dcs.suzuki.hu	index	SWIFT_A2L310_A2L412_A2L414	AENLSB0A	404	https://dcs.suzuki.hu/Upload/Downloads/Service/ServiceManuals/SWIFT_A2L310_A2L412_A2L414/xml/AENLSB0A/index.html
dcs.suzuki.hu	index	SWIFT_A2L310_A2L412_A2L414	AENLSB0C	404	https://dcs.suzuki.hu/Upload/Downloads/Service/ServiceManuals/SWIFT_A2L310_A2L412_A2L414/xml/AENLSB0C/index.html
dcs.suzuki.hu	index	SWIFT_A2L310_A2L412_A2L414	ADU8RW0A	404	https://dcs.suzuki.hu/Upload/Downloads/Service/ServiceManuals/SWIFT_A2L310_A2L412_A2L414/xml/ADU8RW0A/index.html
dcs.suzuki.hu	index	SWIFT_A2L310_A2L412_A2L414	AEN7RW0A	404	https://dcs.suzuki.hu/Upload/Downloads/Service/ServiceManuals/SWIFT_A2L310_A2L412_A2L414/xml/AEN7RW0A/index.html
dcs.suzuki.hu	index	SWIFT_A2L310_A2L412_A2L414	ASP8RW0A	404	https://dcs.suzuki.hu/Upload/Downloads/Service/ServiceManuals/SWIFT_A2L310_A2L412_A2L414/xml/ASP8RW0A/index.html
dcs.suzuki.hu	index	SWIFT_AZG412_AZG413D_AZG416	AENLBA0C	404	https://dcs.suzuki.hu/Upload/Downloads/Service/ServiceManuals/SWIFT_AZG412_AZG413D_AZG416/xml/AENLBA0C/index.html
dcs.suzuki.hu	index	SWIFT_AZG412_AZG413D_AZG416	AENLJA0A	404	https://dcs.suzuki.hu/Upload/Downloads/Service/ServiceManuals/SWIFT_AZG412_AZG413D_AZG416/xml/AENLJA0A/index.html
dcs.suzuki.hu	index	SWIFT_AZG412_AZG413D_AZG416	AENKSB0A	404	https://dcs.suzuki.hu/Upload/Downloads/Service/ServiceManuals/SWIFT_AZG412_AZG413D_AZG416/xml/AENKSB0A/index.html
dcs.suzuki.hu	index	SWIFT_AZG412_AZG413D_AZG416	AENLSB0A	404	https://dcs.suzuki.hu/Upload/Downloads/Service/ServiceManuals/SWIFT_AZG412_AZG413D_AZG416/xml/AENLSB0A/index.html
dcs.suzuki.hu	index	SWIFT_AZG412_AZG413D_AZG416	AENLSB0C	404	https://dcs.suzuki.hu/Upload/Downloads/Service/ServiceManuals/SWIFT_AZG412_AZG413D_AZG416/xml/AENLSB0C/index.html
dcs.suzuki.hu	index	SWIFT_AZG412_AZG413D_AZG416	ADU8RW0A	404	https://dcs.suzuki.hu/Upload/Downloads/Service/ServiceManuals/SWIFT_AZG412_AZG413D_AZG416/xml/ADU8RW0A/index.html
dcs.suzuki.hu	index	SWIFT_AZG412_AZG413D_AZG416	AEN7RW0A	404	https://dcs.suzuki.hu/Upload/Downloads/Service/ServiceManuals/SWIFT_AZG412_AZG413D_AZG416/xml/AEN7RW0A/index.html
dcs.suzuki.hu	index	SWIFT_AZG412_AZG413D_AZG416	ASP8RW0A	404	https://dcs.suzuki.hu/Upload/Downloads/Service/ServiceManuals/SWIFT_AZG412_AZG413D_AZG416/xml/ASP8RW0A/index.html
dcs.suzuki.hu	index	SX4	AENLBA0C	404	https://dcs.suzuki.hu/Upload/Downloads/Service/ServiceManuals/SX4/xml/AENLBA0C/index.html
dcs.suzuki.hu	index	SX4	AENLJA0A	404	https://dcs.suzuki.hu/Upload/Downloads/Service/ServiceManuals/SX4/xml/AENLJA0A/index.html
dcs.suzuki.hu	index	SX4	AENKSB0A	404	https://dcs.suzuki.hu/Upload/Downloads/Service/ServiceManuals/SX4/xml/AENKSB0A/index.html
dcs.suzuki.hu	index	SX4	AENLSB0A	404	https://dcs.suzuki.hu/Upload/Downloads/Service/ServiceManuals/SX4/xml/AENLSB0A/index.html
dcs.suzuki.hu	index	SX4	AENLSB0C	404	https://dcs.suzuki.hu/Upload/Downloads/Service/ServiceManuals/SX4/xml/AENLSB0C/index.html
dcs.suzuki.hu	index	SX4	ADU8RW0A	404	https://dcs.suzuki.hu/Upload/Downloads/Service/ServiceManuals/SX4/xml/ADU8RW0A/index.html
dcs.suzuki.hu	index	SX4	AEN7RW0A	404	https://dcs.suzuki.hu/Upload/Downloads/Service/ServiceManuals/SX4/xml/AEN7RW0A/index.html
dcs.suzuki.hu	index	SX4	ASP8RW0A	404	https://dcs.suzuki.hu/Upload/Downloads/Service/ServiceManuals/SX4/xml/ASP8RW0A/index.html
dcs.suzuki.hu	index	SX4_RW415_RW416_RW420	AENLBA0C	404	https://dcs.suzuki.hu/Upload/Downloads/Service/ServiceManuals/SX4_RW415_RW416_RW420/xml/AENLBA0C/index.html
dcs.suzuki.hu	index	SX4_RW415_RW416_RW420	AENLJA0A	404	https://dcs.suzuki.hu/Upload/Downloads/Service/ServiceManuals/SX4_RW415_RW416_RW420/xml/AENLJA0A/index.html
dcs.suzuki.hu	index	SX4_RW415_RW416_RW420	AENKSB0A	404	https://dcs.suzuki.hu/Upload/Downloads/Service/ServiceManuals/SX4_RW415_RW416_RW420/xml/AENKSB0A/index.html
dcs.suzuki.hu	index	SX4_RW415_RW416_RW420	AENLSB0A	404	https://dcs.suzuki.hu/Upload/Downloads/Service/ServiceManuals/SX4_RW415_RW416_RW420/xml/AENLSB0A/index.html
dcs.suzuki.hu	index	SX4_RW415_RW416_RW420	AENLSB0C	404	https://dcs.suzuki.hu/Upload/Downloads/Service/ServiceManuals/SX4_RW415_RW416_RW420/xml/AENLSB0C/index.html
dcs.suzuki.hu	index	SX4_RW415_RW416_RW420	ADU8RW0A	404	https://dcs.suzuki.hu/Upload/Downloads/Service/ServiceManuals/SX4_RW415_RW416_RW420/xml/ADU8RW0A/index.html
dcs.suzuki.hu	index	SX4_RW415_RW416_RW420	AEN7RW0A	404	https://dcs.suzuki.hu/Upload/Downloads/Service/ServiceManuals/SX4_RW415_RW416_RW420/xml/AEN7RW0A/index.html
dcs.suzuki.hu	index	SX4_RW415_RW416_RW420	ASP8RW0A	404	https://dcs.suzuki.hu/Upload/Downloads/Service/ServiceManuals/SX4_RW415_RW416_RW420/xml/ASP8RW0A/index.html
dcs.suzuki.hu	index	XL6	AENLBA0C	404	https://dcs.suzuki.hu/Upload/Downloads/Service/ServiceManuals/XL6/xml/AENLBA0C/index.html
dcs.suzuki.hu	index	XL6	AENLJA0A	404	https://dcs.suzuki.hu/Upload/Downloads/Service/ServiceManuals/XL6/xml/AENLJA0A/index.html
dcs.suzuki.hu	index	XL6	AENKSB0A	404	https://dcs.suzuki.hu/Upload/Downloads/Service/ServiceManuals/XL6/xml/AENKSB0A/index.html
dcs.suzuki.hu	index	XL6	AENLSB0A	404	https://dcs.suzuki.hu/Upload/Downloads/Service/ServiceManuals/XL6/xml/AENLSB0A/index.html
dcs.suzuki.hu	index	XL6	AENLSB0C	404	https://dcs.suzuki.hu/Upload/Downloads/Service/ServiceManuals/XL6/xml/AENLSB0C/index.html
dcs.suzuki.hu	index	XL6	ADU8RW0A	404	https://dcs.suzuki.hu/Upload/Downloads/Service/ServiceManuals/XL6/xml/ADU8RW0A/index.html
dcs.suzuki.hu	index	XL6	AEN7RW0A	404	https://dcs.suzuki.hu/Upload/Downloads/Service/ServiceManuals/XL6/xml/AEN7RW0A/index.html
dcs.suzuki.hu	index	XL6	ASP8RW0A	404	https://dcs.suzuki.hu/Upload/Downloads/Service/ServiceManuals/XL6/xml/ASP8RW0A/index.html
dcs.suzuki.sk	root	ALTO		404	https://dcs.suzuki.sk/Upload/Downloads/Service/ServiceManuals/ALTO/
dcs.suzuki.sk	root	BREZZA		404	https://dcs.suzuki.sk/Upload/Downloads/Service/ServiceManuals/BREZZA/
dcs.suzuki.sk	root	CELERIO		404	https://dcs.suzuki.sk/Upload/Downloads/Service/ServiceManuals/CELERIO/
dcs.suzuki.sk	root	DZIRE		404	https://dcs.suzuki.sk/Upload/Downloads/Service/ServiceManuals/DZIRE/
dcs.suzuki.sk	root	EECO		404	https://dcs.suzuki.sk/Upload/Downloads/Service/ServiceManuals/EECO/
dcs.suzuki.sk	root	FRONX		404	https://dcs.suzuki.sk/Upload/Downloads/Service/ServiceManuals/FRONX/
dcs.suzuki.sk	root	IGNIS		404	https://dcs.suzuki.sk/Upload/Downloads/Service/ServiceManuals/IGNIS/
dcs.suzuki.sk	root	IGNIS_ATM412		404	https://dcs.suzuki.sk/Upload/Downloads/Service/ServiceManuals/IGNIS_ATM412/
dcs.suzuki.sk	root	JIMNY		404	https://dcs.suzuki.sk/Upload/Downloads/Service/ServiceManuals/JIMNY/
dcs.suzuki.sk	root	KIZASHI		404	https://dcs.suzuki.sk/Upload/Downloads/Service/ServiceManuals/KIZASHI/
dcs.suzuki.sk	root	S-PRESSO		404	https://dcs.suzuki.sk/Upload/Downloads/Service/ServiceManuals/S-PRESSO/
dcs.suzuki.sk	root	SPLASH		404	https://dcs.suzuki.sk/Upload/Downloads/Service/ServiceManuals/SPLASH/
dcs.suzuki.sk	root	SUPER_CARRY		404	https://dcs.suzuki.sk/Upload/Downloads/Service/ServiceManuals/SUPER_CARRY/
dcs.suzuki.sk	root	SWIFT_A2L310_A2L412_A2L414		404	https://dcs.suzuki.sk/Upload/Downloads/Service/ServiceManuals/SWIFT_A2L310_A2L412_A2L414/
dcs.suzuki.sk	root	SWIFT_AZG412_AZG413D_AZG416		404	https://dcs.suzuki.sk/Upload/Downloads/Service/ServiceManuals/SWIFT_AZG412_AZG413D_AZG416/
dcs.suzuki.sk	root	SX4		404	https://dcs.suzuki.sk/Upload/Downloads/Service/ServiceManuals/SX4/
dcs.suzuki.sk	root	SX4_RW415_RW416_RW420		404	https://dcs.suzuki.sk/Upload/Downloads/Service/ServiceManuals/SX4_RW415_RW416_RW420/
dcs.suzuki.sk	root	XL6		404	https://dcs.suzuki.sk/Upload/Downloads/Service/ServiceManuals/XL6/
dcs.suzuki.sk	index	ALTO	AENLBA0C	404	https://dcs.suzuki.sk/Upload/Downloads/Service/ServiceManuals/ALTO/xml/AENLBA0C/index.html
dcs.suzuki.sk	index	ALTO	AENLJA0A	404	https://dcs.suzuki.sk/Upload/Downloads/Service/ServiceManuals/ALTO/xml/AENLJA0A/index.html
dcs.suzuki.sk	index	ALTO	AENKSB0A	404	https://dcs.suzuki.sk/Upload/Downloads/Service/ServiceManuals/ALTO/xml/AENKSB0A/index.html
dcs.suzuki.sk	index	ALTO	AENLSB0A	404	https://dcs.suzuki.sk/Upload/Downloads/Service/ServiceManuals/ALTO/xml/AENLSB0A/index.html
dcs.suzuki.sk	index	ALTO	AENLSB0C	404	https://dcs.suzuki.sk/Upload/Downloads/Service/ServiceManuals/ALTO/xml/AENLSB0C/index.html
dcs.suzuki.sk	index	ALTO	ADU8RW0A	404	https://dcs.suzuki.sk/Upload/Downloads/Service/ServiceManuals/ALTO/xml/ADU8RW0A/index.html
dcs.suzuki.sk	index	ALTO	AEN7RW0A	404	https://dcs.suzuki.sk/Upload/Downloads/Service/ServiceManuals/ALTO/xml/AEN7RW0A/index.html
dcs.suzuki.sk	index	ALTO	ASP8RW0A	404	https://dcs.suzuki.sk/Upload/Downloads/Service/ServiceManuals/ALTO/xml/ASP8RW0A/index.html
dcs.suzuki.sk	index	BREZZA	AENLBA0C	404	https://dcs.suzuki.sk/Upload/Downloads/Service/ServiceManuals/BREZZA/xml/AENLBA0C/index.html
dcs.suzuki.sk	index	BREZZA	AENLJA0A	404	https://dcs.suzuki.sk/Upload/Downloads/Service/ServiceManuals/BREZZA/xml/AENLJA0A/index.html
dcs.suzuki.sk	index	BREZZA	AENKSB0A	404	https://dcs.suzuki.sk/Upload/Downloads/Service/ServiceManuals/BREZZA/xml/AENKSB0A/index.html
dcs.suzuki.sk	index	BREZZA	AENLSB0A	404	https://dcs.suzuki.sk/Upload/Downloads/Service/ServiceManuals/BREZZA/xml/AENLSB0A/index.html
dcs.suzuki.sk	index	BREZZA	AENLSB0C	404	https://dcs.suzuki.sk/Upload/Downloads/Service/ServiceManuals/BREZZA/xml/AENLSB0C/index.html
dcs.suzuki.sk	index	BREZZA	ADU8RW0A	404	https://dcs.suzuki.sk/Upload/Downloads/Service/ServiceManuals/BREZZA/xml/ADU8RW0A/index.html
dcs.suzuki.sk	index	BREZZA	AEN7RW0A	404	https://dcs.suzuki.sk/Upload/Downloads/Service/ServiceManuals/BREZZA/xml/AEN7RW0A/index.html
dcs.suzuki.sk	index	BREZZA	ASP8RW0A	404	https://dcs.suzuki.sk/Upload/Downloads/Service/ServiceManuals/BREZZA/xml/ASP8RW0A/index.html
dcs.suzuki.sk	index	CELERIO	AENLBA0C	404	https://dcs.suzuki.sk/Upload/Downloads/Service/ServiceManuals/CELERIO/xml/AENLBA0C/index.html
dcs.suzuki.sk	index	CELERIO	AENLJA0A	404	https://dcs.suzuki.sk/Upload/Downloads/Service/ServiceManuals/CELERIO/xml/AENLJA0A/index.html
dcs.suzuki.sk	index	CELERIO	AENKSB0A	404	https://dcs.suzuki.sk/Upload/Downloads/Service/ServiceManuals/CELERIO/xml/AENKSB0A/index.html
dcs.suzuki.sk	index	CELERIO	AENLSB0A	404	https://dcs.suzuki.sk/Upload/Downloads/Service/ServiceManuals/CELERIO/xml/AENLSB0A/index.html
dcs.suzuki.sk	index	CELERIO	AENLSB0C	404	https://dcs.suzuki.sk/Upload/Downloads/Service/ServiceManuals/CELERIO/xml/AENLSB0C/index.html
dcs.suzuki.sk	index	CELERIO	ADU8RW0A	404	https://dcs.suzuki.sk/Upload/Downloads/Service/ServiceManuals/CELERIO/xml/ADU8RW0A/index.html
dcs.suzuki.sk	index	CELERIO	AEN7RW0A	404	https://dcs.suzuki.sk/Upload/Downloads/Service/ServiceManuals/CELERIO/xml/AEN7RW0A/index.html
dcs.suzuki.sk	index	CELERIO	ASP8RW0A	404	https://dcs.suzuki.sk/Upload/Downloads/Service/ServiceManuals/CELERIO/xml/ASP8RW0A/index.html
dcs.suzuki.sk	index	DZIRE	AENLBA0C	404	https://dcs.suzuki.sk/Upload/Downloads/Service/ServiceManuals/DZIRE/xml/AENLBA0C/index.html
dcs.suzuki.sk	index	DZIRE	AENLJA0A	404	https://dcs.suzuki.sk/Upload/Downloads/Service/ServiceManuals/DZIRE/xml/AENLJA0A/index.html
dcs.suzuki.sk	index	DZIRE	AENKSB0A	404	https://dcs.suzuki.sk/Upload/Downloads/Service/ServiceManuals/DZIRE/xml/AENKSB0A/index.html
dcs.suzuki.sk	index	DZIRE	AENLSB0A	404	https://dcs.suzuki.sk/Upload/Downloads/Service/ServiceManuals/DZIRE/xml/AENLSB0A/index.html
dcs.suzuki.sk	index	DZIRE	AENLSB0C	404	https://dcs.suzuki.sk/Upload/Downloads/Service/ServiceManuals/DZIRE/xml/AENLSB0C/index.html
dcs.suzuki.sk	index	DZIRE	ADU8RW0A	404	https://dcs.suzuki.sk/Upload/Downloads/Service/ServiceManuals/DZIRE/xml/ADU8RW0A/index.html
dcs.suzuki.sk	index	DZIRE	AEN7RW0A	404	https://dcs.suzuki.sk/Upload/Downloads/Service/ServiceManuals/DZIRE/xml/AEN7RW0A/index.html
dcs.suzuki.sk	index	DZIRE	ASP8RW0A	404	https://dcs.suzuki.sk/Upload/Downloads/Service/ServiceManuals/DZIRE/xml/ASP8RW0A/index.html
dcs.suzuki.sk	index	EECO	AENLBA0C	404	https://dcs.suzuki.sk/Upload/Downloads/Service/ServiceManuals/EECO/xml/AENLBA0C/index.html
dcs.suzuki.sk	index	EECO	AENLJA0A	404	https://dcs.suzuki.sk/Upload/Downloads/Service/ServiceManuals/EECO/xml/AENLJA0A/index.html
dcs.suzuki.sk	index	EECO	AENKSB0A	404	https://dcs.suzuki.sk/Upload/Downloads/Service/ServiceManuals/EECO/xml/AENKSB0A/index.html
dcs.suzuki.sk	index	EECO	AENLSB0A	404	https://dcs.suzuki.sk/Upload/Downloads/Service/ServiceManuals/EECO/xml/AENLSB0A/index.html
dcs.suzuki.sk	index	EECO	AENLSB0C	404	https://dcs.suzuki.sk/Upload/Downloads/Service/ServiceManuals/EECO/xml/AENLSB0C/index.html
dcs.suzuki.sk	index	EECO	ADU8RW0A	404	https://dcs.suzuki.sk/Upload/Downloads/Service/ServiceManuals/EECO/xml/ADU8RW0A/index.html
dcs.suzuki.sk	index	EECO	AEN7RW0A	404	https://dcs.suzuki.sk/Upload/Downloads/Service/ServiceManuals/EECO/xml/AEN7RW0A/index.html
dcs.suzuki.sk	index	EECO	ASP8RW0A	404	https://dcs.suzuki.sk/Upload/Downloads/Service/ServiceManuals/EECO/xml/ASP8RW0A/index.html
dcs.suzuki.sk	index	FRONX	AENLBA0C	404	https://dcs.suzuki.sk/Upload/Downloads/Service/ServiceManuals/FRONX/xml/AENLBA0C/index.html
dcs.suzuki.sk	index	FRONX	AENLJA0A	404	https://dcs.suzuki.sk/Upload/Downloads/Service/ServiceManuals/FRONX/xml/AENLJA0A/index.html
dcs.suzuki.sk	index	FRONX	AENKSB0A	404	https://dcs.suzuki.sk/Upload/Downloads/Service/ServiceManuals/FRONX/xml/AENKSB0A/index.html
dcs.suzuki.sk	index	FRONX	AENLSB0A	404	https://dcs.suzuki.sk/Upload/Downloads/Service/ServiceManuals/FRONX/xml/AENLSB0A/index.html
dcs.suzuki.sk	index	FRONX	AENLSB0C	404	https://dcs.suzuki.sk/Upload/Downloads/Service/ServiceManuals/FRONX/xml/AENLSB0C/index.html
dcs.suzuki.sk	index	FRONX	ADU8RW0A	404	https://dcs.suzuki.sk/Upload/Downloads/Service/ServiceManuals/FRONX/xml/ADU8RW0A/index.html
dcs.suzuki.sk	index	FRONX	AEN7RW0A	404	https://dcs.suzuki.sk/Upload/Downloads/Service/ServiceManuals/FRONX/xml/AEN7RW0A/index.html
dcs.suzuki.sk	index	FRONX	ASP8RW0A	404	https://dcs.suzuki.sk/Upload/Downloads/Service/ServiceManuals/FRONX/xml/ASP8RW0A/index.html
dcs.suzuki.sk	index	IGNIS	AENLBA0C	404	https://dcs.suzuki.sk/Upload/Downloads/Service/ServiceManuals/IGNIS/xml/AENLBA0C/index.html
dcs.suzuki.sk	index	IGNIS	AENLJA0A	404	https://dcs.suzuki.sk/Upload/Downloads/Service/ServiceManuals/IGNIS/xml/AENLJA0A/index.html
dcs.suzuki.sk	index	IGNIS	AENKSB0A	404	https://dcs.suzuki.sk/Upload/Downloads/Service/ServiceManuals/IGNIS/xml/AENKSB0A/index.html
dcs.suzuki.sk	index	IGNIS	AENLSB0A	404	https://dcs.suzuki.sk/Upload/Downloads/Service/ServiceManuals/IGNIS/xml/AENLSB0A/index.html
dcs.suzuki.sk	index	IGNIS	AENLSB0C	404	https://dcs.suzuki.sk/Upload/Downloads/Service/ServiceManuals/IGNIS/xml/AENLSB0C/index.html
dcs.suzuki.sk	index	IGNIS	ADU8RW0A	404	https://dcs.suzuki.sk/Upload/Downloads/Service/ServiceManuals/IGNIS/xml/ADU8RW0A/index.html
dcs.suzuki.sk	index	IGNIS	AEN7RW0A	404	https://dcs.suzuki.sk/Upload/Downloads/Service/ServiceManuals/IGNIS/xml/AEN7RW0A/index.html
dcs.suzuki.sk	index	IGNIS	ASP8RW0A	404	https://dcs.suzuki.sk/Upload/Downloads/Service/ServiceManuals/IGNIS/xml/ASP8RW0A/index.html
dcs.suzuki.sk	index	IGNIS_ATM412	AENLBA0C	404	https://dcs.suzuki.sk/Upload/Downloads/Service/ServiceManuals/IGNIS_ATM412/xml/AENLBA0C/index.html
dcs.suzuki.sk	index	IGNIS_ATM412	AENLJA0A	404	https://dcs.suzuki.sk/Upload/Downloads/Service/ServiceManuals/IGNIS_ATM412/xml/AENLJA0A/index.html
dcs.suzuki.sk	index	IGNIS_ATM412	AENKSB0A	404	https://dcs.suzuki.sk/Upload/Downloads/Service/ServiceManuals/IGNIS_ATM412/xml/AENKSB0A/index.html
dcs.suzuki.sk	index	IGNIS_ATM412	AENLSB0A	404	https://dcs.suzuki.sk/Upload/Downloads/Service/ServiceManuals/IGNIS_ATM412/xml/AENLSB0A/index.html
dcs.suzuki.sk	index	IGNIS_ATM412	AENLSB0C	404	https://dcs.suzuki.sk/Upload/Downloads/Service/ServiceManuals/IGNIS_ATM412/xml/AENLSB0C/index.html
dcs.suzuki.sk	index	IGNIS_ATM412	ADU8RW0A	404	https://dcs.suzuki.sk/Upload/Downloads/Service/ServiceManuals/IGNIS_ATM412/xml/ADU8RW0A/index.html
dcs.suzuki.sk	index	IGNIS_ATM412	AEN7RW0A	404	https://dcs.suzuki.sk/Upload/Downloads/Service/ServiceManuals/IGNIS_ATM412/xml/AEN7RW0A/index.html
dcs.suzuki.sk	index	IGNIS_ATM412	ASP8RW0A	404	https://dcs.suzuki.sk/Upload/Downloads/Service/ServiceManuals/IGNIS_ATM412/xml/ASP8RW0A/index.html
dcs.suzuki.sk	index	JIMNY	AENLBA0C	404	https://dcs.suzuki.sk/Upload/Downloads/Service/ServiceManuals/JIMNY/xml/AENLBA0C/index.html
dcs.suzuki.sk	index	JIMNY	AENLJA0A	404	https://dcs.suzuki.sk/Upload/Downloads/Service/ServiceManuals/JIMNY/xml/AENLJA0A/index.html
dcs.suzuki.sk	index	JIMNY	AENKSB0A	404	https://dcs.suzuki.sk/Upload/Downloads/Service/ServiceManuals/JIMNY/xml/AENKSB0A/index.html
dcs.suzuki.sk	index	JIMNY	AENLSB0A	404	https://dcs.suzuki.sk/Upload/Downloads/Service/ServiceManuals/JIMNY/xml/AENLSB0A/index.html
dcs.suzuki.sk	index	JIMNY	AENLSB0C	404	https://dcs.suzuki.sk/Upload/Downloads/Service/ServiceManuals/JIMNY/xml/AENLSB0C/index.html
dcs.suzuki.sk	index	JIMNY	ADU8RW0A	404	https://dcs.suzuki.sk/Upload/Downloads/Service/ServiceManuals/JIMNY/xml/ADU8RW0A/index.html
dcs.suzuki.sk	index	JIMNY	AEN7RW0A	404	https://dcs.suzuki.sk/Upload/Downloads/Service/ServiceManuals/JIMNY/xml/AEN7RW0A/index.html
dcs.suzuki.sk	index	JIMNY	ASP8RW0A	404	https://dcs.suzuki.sk/Upload/Downloads/Service/ServiceManuals/JIMNY/xml/ASP8RW0A/index.html
dcs.suzuki.sk	index	KIZASHI	AENLBA0C	404	https://dcs.suzuki.sk/Upload/Downloads/Service/ServiceManuals/KIZASHI/xml/AENLBA0C/index.html
dcs.suzuki.sk	index	KIZASHI	AENLJA0A	404	https://dcs.suzuki.sk/Upload/Downloads/Service/ServiceManuals/KIZASHI/xml/AENLJA0A/index.html
dcs.suzuki.sk	index	KIZASHI	AENKSB0A	404	https://dcs.suzuki.sk/Upload/Downloads/Service/ServiceManuals/KIZASHI/xml/AENKSB0A/index.html
dcs.suzuki.sk	index	KIZASHI	AENLSB0A	404	https://dcs.suzuki.sk/Upload/Downloads/Service/ServiceManuals/KIZASHI/xml/AENLSB0A/index.html
dcs.suzuki.sk	index	KIZASHI	AENLSB0C	404	https://dcs.suzuki.sk/Upload/Downloads/Service/ServiceManuals/KIZASHI/xml/AENLSB0C/index.html
dcs.suzuki.sk	index	KIZASHI	ADU8RW0A	404	https://dcs.suzuki.sk/Upload/Downloads/Service/ServiceManuals/KIZASHI/xml/ADU8RW0A/index.html
dcs.suzuki.sk	index	KIZASHI	AEN7RW0A	404	https://dcs.suzuki.sk/Upload/Downloads/Service/ServiceManuals/KIZASHI/xml/AEN7RW0A/index.html
dcs.suzuki.sk	index	KIZASHI	ASP8RW0A	404	https://dcs.suzuki.sk/Upload/Downloads/Service/ServiceManuals/KIZASHI/xml/ASP8RW0A/index.html
dcs.suzuki.sk	index	S-PRESSO	AENLBA0C	404	https://dcs.suzuki.sk/Upload/Downloads/Service/ServiceManuals/S-PRESSO/xml/AENLBA0C/index.html
dcs.suzuki.sk	index	S-PRESSO	AENLJA0A	404	https://dcs.suzuki.sk/Upload/Downloads/Service/ServiceManuals/S-PRESSO/xml/AENLJA0A/index.html
dcs.suzuki.sk	index	S-PRESSO	AENKSB0A	404	https://dcs.suzuki.sk/Upload/Downloads/Service/ServiceManuals/S-PRESSO/xml/AENKSB0A/index.html
dcs.suzuki.sk	index	S-PRESSO	AENLSB0A	404	https://dcs.suzuki.sk/Upload/Downloads/Service/ServiceManuals/S-PRESSO/xml/AENLSB0A/index.html
dcs.suzuki.sk	index	S-PRESSO	AENLSB0C	404	https://dcs.suzuki.sk/Upload/Downloads/Service/ServiceManuals/S-PRESSO/xml/AENLSB0C/index.html
dcs.suzuki.sk	index	S-PRESSO	ADU8RW0A	404	https://dcs.suzuki.sk/Upload/Downloads/Service/ServiceManuals/S-PRESSO/xml/ADU8RW0A/index.html
dcs.suzuki.sk	index	S-PRESSO	AEN7RW0A	404	https://dcs.suzuki.sk/Upload/Downloads/Service/ServiceManuals/S-PRESSO/xml/AEN7RW0A/index.html
dcs.suzuki.sk	index	S-PRESSO	ASP8RW0A	404	https://dcs.suzuki.sk/Upload/Downloads/Service/ServiceManuals/S-PRESSO/xml/ASP8RW0A/index.html
dcs.suzuki.sk	index	SPLASH	AENLBA0C	404	https://dcs.suzuki.sk/Upload/Downloads/Service/ServiceManuals/SPLASH/xml/AENLBA0C/index.html
dcs.suzuki.sk	index	SPLASH	AENLJA0A	404	https://dcs.suzuki.sk/Upload/Downloads/Service/ServiceManuals/SPLASH/xml/AENLJA0A/index.html
dcs.suzuki.sk	index	SPLASH	AENKSB0A	404	https://dcs.suzuki.sk/Upload/Downloads/Service/ServiceManuals/SPLASH/xml/AENKSB0A/index.html
dcs.suzuki.sk	index	SPLASH	AENLSB0A	404	https://dcs.suzuki.sk/Upload/Downloads/Service/ServiceManuals/SPLASH/xml/AENLSB0A/index.html
dcs.suzuki.sk	index	SPLASH	AENLSB0C	404	https://dcs.suzuki.sk/Upload/Downloads/Service/ServiceManuals/SPLASH/xml/AENLSB0C/index.html
dcs.suzuki.sk	index	SPLASH	ADU8RW0A	404	https://dcs.suzuki.sk/Upload/Downloads/Service/ServiceManuals/SPLASH/xml/ADU8RW0A/index.html
dcs.suzuki.sk	index	SPLASH	AEN7RW0A	404	https://dcs.suzuki.sk/Upload/Downloads/Service/ServiceManuals/SPLASH/xml/AEN7RW0A/index.html
dcs.suzuki.sk	index	SPLASH	ASP8RW0A	404	https://dcs.suzuki.sk/Upload/Downloads/Service/ServiceManuals/SPLASH/xml/ASP8RW0A/index.html
dcs.suzuki.sk	index	SUPER_CARRY	AENLBA0C	404	https://dcs.suzuki.sk/Upload/Downloads/Service/ServiceManuals/SUPER_CARRY/xml/AENLBA0C/index.html
dcs.suzuki.sk	index	SUPER_CARRY	AENLJA0A	404	https://dcs.suzuki.sk/Upload/Downloads/Service/ServiceManuals/SUPER_CARRY/xml/AENLJA0A/index.html
dcs.suzuki.sk	index	SUPER_CARRY	AENKSB0A	404	https://dcs.suzuki.sk/Upload/Downloads/Service/ServiceManuals/SUPER_CARRY/xml/AENKSB0A/index.html
dcs.suzuki.sk	index	SUPER_CARRY	AENLSB0A	404	https://dcs.suzuki.sk/Upload/Downloads/Service/ServiceManuals/SUPER_CARRY/xml/AENLSB0A/index.html
dcs.suzuki.sk	index	SUPER_CARRY	AENLSB0C	404	https://dcs.suzuki.sk/Upload/Downloads/Service/ServiceManuals/SUPER_CARRY/xml/AENLSB0C/index.html
dcs.suzuki.sk	index	SUPER_CARRY	ADU8RW0A	404	https://dcs.suzuki.sk/Upload/Downloads/Service/ServiceManuals/SUPER_CARRY/xml/ADU8RW0A/index.html
dcs.suzuki.sk	index	SUPER_CARRY	AEN7RW0A	404	https://dcs.suzuki.sk/Upload/Downloads/Service/ServiceManuals/SUPER_CARRY/xml/AEN7RW0A/index.html
dcs.suzuki.sk	index	SUPER_CARRY	ASP8RW0A	404	https://dcs.suzuki.sk/Upload/Downloads/Service/ServiceManuals/SUPER_CARRY/xml/ASP8RW0A/index.html
dcs.suzuki.sk	index	SWIFT_A2L310_A2L412_A2L414	AENLBA0C	404	https://dcs.suzuki.sk/Upload/Downloads/Service/ServiceManuals/SWIFT_A2L310_A2L412_A2L414/xml/AENLBA0C/index.html
dcs.suzuki.sk	index	SWIFT_A2L310_A2L412_A2L414	AENLJA0A	404	https://dcs.suzuki.sk/Upload/Downloads/Service/ServiceManuals/SWIFT_A2L310_A2L412_A2L414/xml/AENLJA0A/index.html
dcs.suzuki.sk	index	SWIFT_A2L310_A2L412_A2L414	AENKSB0A	404	https://dcs.suzuki.sk/Upload/Downloads/Service/ServiceManuals/SWIFT_A2L310_A2L412_A2L414/xml/AENKSB0A/index.html
dcs.suzuki.sk	index	SWIFT_A2L310_A2L412_A2L414	AENLSB0A	404	https://dcs.suzuki.sk/Upload/Downloads/Service/ServiceManuals/SWIFT_A2L310_A2L412_A2L414/xml/AENLSB0A/index.html
dcs.suzuki.sk	index	SWIFT_A2L310_A2L412_A2L414	AENLSB0C	404	https://dcs.suzuki.sk/Upload/Downloads/Service/ServiceManuals/SWIFT_A2L310_A2L412_A2L414/xml/AENLSB0C/index.html
dcs.suzuki.sk	index	SWIFT_A2L310_A2L412_A2L414	ADU8RW0A	404	https://dcs.suzuki.sk/Upload/Downloads/Service/ServiceManuals/SWIFT_A2L310_A2L412_A2L414/xml/ADU8RW0A/index.html
dcs.suzuki.sk	index	SWIFT_A2L310_A2L412_A2L414	AEN7RW0A	404	https://dcs.suzuki.sk/Upload/Downloads/Service/ServiceManuals/SWIFT_A2L310_A2L412_A2L414/xml/AEN7RW0A/index.html
dcs.suzuki.sk	index	SWIFT_A2L310_A2L412_A2L414	ASP8RW0A	404	https://dcs.suzuki.sk/Upload/Downloads/Service/ServiceManuals/SWIFT_A2L310_A2L412_A2L414/xml/ASP8RW0A/index.html
dcs.suzuki.sk	index	SWIFT_AZG412_AZG413D_AZG416	AENLBA0C	404	https://dcs.suzuki.sk/Upload/Downloads/Service/ServiceManuals/SWIFT_AZG412_AZG413D_AZG416/xml/AENLBA0C/index.html
dcs.suzuki.sk	index	SWIFT_AZG412_AZG413D_AZG416	AENLJA0A	404	https://dcs.suzuki.sk/Upload/Downloads/Service/ServiceManuals/SWIFT_AZG412_AZG413D_AZG416/xml/AENLJA0A/index.html
dcs.suzuki.sk	index	SWIFT_AZG412_AZG413D_AZG416	AENKSB0A	404	https://dcs.suzuki.sk/Upload/Downloads/Service/ServiceManuals/SWIFT_AZG412_AZG413D_AZG416/xml/AENKSB0A/index.html
dcs.suzuki.sk	index	SWIFT_AZG412_AZG413D_AZG416	AENLSB0A	404	https://dcs.suzuki.sk/Upload/Downloads/Service/ServiceManuals/SWIFT_AZG412_AZG413D_AZG416/xml/AENLSB0A/index.html
dcs.suzuki.sk	index	SWIFT_AZG412_AZG413D_AZG416	AENLSB0C	404	https://dcs.suzuki.sk/Upload/Downloads/Service/ServiceManuals/SWIFT_AZG412_AZG413D_AZG416/xml/AENLSB0C/index.html
dcs.suzuki.sk	index	SWIFT_AZG412_AZG413D_AZG416	ADU8RW0A	404	https://dcs.suzuki.sk/Upload/Downloads/Service/ServiceManuals/SWIFT_AZG412_AZG413D_AZG416/xml/ADU8RW0A/index.html
dcs.suzuki.sk	index	SWIFT_AZG412_AZG413D_AZG416	AEN7RW0A	404	https://dcs.suzuki.sk/Upload/Downloads/Service/ServiceManuals/SWIFT_AZG412_AZG413D_AZG416/xml/AEN7RW0A/index.html
dcs.suzuki.sk	index	SWIFT_AZG412_AZG413D_AZG416	ASP8RW0A	404	https://dcs.suzuki.sk/Upload/Downloads/Service/ServiceManuals/SWIFT_AZG412_AZG413D_AZG416/xml/ASP8RW0A/index.html
dcs.suzuki.sk	index	SX4	AENLBA0C	404	https://dcs.suzuki.sk/Upload/Downloads/Service/ServiceManuals/SX4/xml/AENLBA0C/index.html
dcs.suzuki.sk	index	SX4	AENLJA0A	404	https://dcs.suzuki.sk/Upload/Downloads/Service/ServiceManuals/SX4/xml/AENLJA0A/index.html
dcs.suzuki.sk	index	SX4	AENKSB0A	404	https://dcs.suzuki.sk/Upload/Downloads/Service/ServiceManuals/SX4/xml/AENKSB0A/index.html
dcs.suzuki.sk	index	SX4	AENLSB0A	404	https://dcs.suzuki.sk/Upload/Downloads/Service/ServiceManuals/SX4/xml/AENLSB0A/index.html
dcs.suzuki.sk	index	SX4	AENLSB0C	404	https://dcs.suzuki.sk/Upload/Downloads/Service/ServiceManuals/SX4/xml/AENLSB0C/index.html
dcs.suzuki.sk	index	SX4	ADU8RW0A	404	https://dcs.suzuki.sk/Upload/Downloads/Service/ServiceManuals/SX4/xml/ADU8RW0A/index.html
dcs.suzuki.sk	index	SX4	AEN7RW0A	404	https://dcs.suzuki.sk/Upload/Downloads/Service/ServiceManuals/SX4/xml/AEN7RW0A/index.html
dcs.suzuki.sk	index	SX4	ASP8RW0A	404	https://dcs.suzuki.sk/Upload/Downloads/Service/ServiceManuals/SX4/xml/ASP8RW0A/index.html
dcs.suzuki.sk	index	SX4_RW415_RW416_RW420	AENLBA0C	404	https://dcs.suzuki.sk/Upload/Downloads/Service/ServiceManuals/SX4_RW415_RW416_RW420/xml/AENLBA0C/index.html
dcs.suzuki.sk	index	SX4_RW415_RW416_RW420	AENLJA0A	404	https://dcs.suzuki.sk/Upload/Downloads/Service/ServiceManuals/SX4_RW415_RW416_RW420/xml/AENLJA0A/index.html
dcs.suzuki.sk	index	SX4_RW415_RW416_RW420	AENKSB0A	404	https://dcs.suzuki.sk/Upload/Downloads/Service/ServiceManuals/SX4_RW415_RW416_RW420/xml/AENKSB0A/index.html
dcs.suzuki.sk	index	SX4_RW415_RW416_RW420	AENLSB0A	404	https://dcs.suzuki.sk/Upload/Downloads/Service/ServiceManuals/SX4_RW415_RW416_RW420/xml/AENLSB0A/index.html
dcs.suzuki.sk	index	SX4_RW415_RW416_RW420	AENLSB0C	404	https://dcs.suzuki.sk/Upload/Downloads/Service/ServiceManuals/SX4_RW415_RW416_RW420/xml/AENLSB0C/index.html
dcs.suzuki.sk	index	SX4_RW415_RW416_RW420	ADU8RW0A	404	https://dcs.suzuki.sk/Upload/Downloads/Service/ServiceManuals/SX4_RW415_RW416_RW420/xml/ADU8RW0A/index.html
dcs.suzuki.sk	index	SX4_RW415_RW416_RW420	AEN7RW0A	404	https://dcs.suzuki.sk/Upload/Downloads/Service/ServiceManuals/SX4_RW415_RW416_RW420/xml/AEN7RW0A/index.html
dcs.suzuki.sk	index	SX4_RW415_RW416_RW420	ASP8RW0A	404	https://dcs.suzuki.sk/Upload/Downloads/Service/ServiceManuals/SX4_RW415_RW416_RW420/xml/ASP8RW0A/index.html
dcs.suzuki.sk	index	XL6	AENLBA0C	404	https://dcs.suzuki.sk/Upload/Downloads/Service/ServiceManuals/XL6/xml/AENLBA0C/index.html
dcs.suzuki.sk	index	XL6	AENLJA0A	404	https://dcs.suzuki.sk/Upload/Downloads/Service/ServiceManuals/XL6/xml/AENLJA0A/index.html
dcs.suzuki.sk	index	XL6	AENKSB0A	404	https://dcs.suzuki.sk/Upload/Downloads/Service/ServiceManuals/XL6/xml/AENKSB0A/index.html
dcs.suzuki.sk	index	XL6	AENLSB0A	404	https://dcs.suzuki.sk/Upload/Downloads/Service/ServiceManuals/XL6/xml/AENLSB0A/index.html
dcs.suzuki.sk	index	XL6	AENLSB0C	404	https://dcs.suzuki.sk/Upload/Downloads/Service/ServiceManuals/XL6/xml/AENLSB0C/index.html
dcs.suzuki.sk	index	XL6	ADU8RW0A	404	https://dcs.suzuki.sk/Upload/Downloads/Service/ServiceManuals/XL6/xml/ADU8RW0A/index.html
dcs.suzuki.sk	index	XL6	AEN7RW0A	404	https://dcs.suzuki.sk/Upload/Downloads/Service/ServiceManuals/XL6/xml/AEN7RW0A/index.html
dcs.suzuki.sk	index	XL6	ASP8RW0A	404	https://dcs.suzuki.sk/Upload/Downloads/Service/ServiceManuals/XL6/xml/ASP8RW0A/index.html
dcs.suzuki.me	root	ALTO		403	https://dcs.suzuki.me/Upload/Downloads/Service/ServiceManuals/ALTO/
dcs.suzuki.me	root	BREZZA		403	https://dcs.suzuki.me/Upload/Downloads/Service/ServiceManuals/BREZZA/
dcs.suzuki.me	root	CELERIO		403	https://dcs.suzuki.me/Upload/Downloads/Service/ServiceManuals/CELERIO/
dcs.suzuki.me	root	DZIRE		403	https://dcs.suzuki.me/Upload/Downloads/Service/ServiceManuals/DZIRE/
dcs.suzuki.me	root	EECO		403	https://dcs.suzuki.me/Upload/Downloads/Service/ServiceManuals/EECO/
dcs.suzuki.me	root	FRONX		403	https://dcs.suzuki.me/Upload/Downloads/Service/ServiceManuals/FRONX/
dcs.suzuki.me	root	IGNIS		403	https://dcs.suzuki.me/Upload/Downloads/Service/ServiceManuals/IGNIS/
dcs.suzuki.me	root	IGNIS_ATM412		403	https://dcs.suzuki.me/Upload/Downloads/Service/ServiceManuals/IGNIS_ATM412/
dcs.suzuki.me	root	JIMNY		403	https://dcs.suzuki.me/Upload/Downloads/Service/ServiceManuals/JIMNY/
dcs.suzuki.me	root	KIZASHI		403	https://dcs.suzuki.me/Upload/Downloads/Service/ServiceManuals/KIZASHI/
dcs.suzuki.me	root	S-PRESSO		403	https://dcs.suzuki.me/Upload/Downloads/Service/ServiceManuals/S-PRESSO/
dcs.suzuki.me	root	SPLASH		403	https://dcs.suzuki.me/Upload/Downloads/Service/ServiceManuals/SPLASH/
dcs.suzuki.me	root	SUPER_CARRY		403	https://dcs.suzuki.me/Upload/Downloads/Service/ServiceManuals/SUPER_CARRY/
dcs.suzuki.me	root	SWIFT_A2L310_A2L412_A2L414		403	https://dcs.suzuki.me/Upload/Downloads/Service/ServiceManuals/SWIFT_A2L310_A2L412_A2L414/
dcs.suzuki.me	root	SWIFT_AZG412_AZG413D_AZG416		403	https://dcs.suzuki.me/Upload/Downloads/Service/ServiceManuals/SWIFT_AZG412_AZG413D_AZG416/
dcs.suzuki.me	root	SX4		403	https://dcs.suzuki.me/Upload/Downloads/Service/ServiceManuals/SX4/
dcs.suzuki.me	root	SX4_RW415_RW416_RW420		403	https://dcs.suzuki.me/Upload/Downloads/Service/ServiceManuals/SX4_RW415_RW416_RW420/
dcs.suzuki.me	root	XL6		403	https://dcs.suzuki.me/Upload/Downloads/Service/ServiceManuals/XL6/
dcs.suzuki.me	index	ALTO	AENLBA0C	403	https://dcs.suzuki.me/Upload/Downloads/Service/ServiceManuals/ALTO/xml/AENLBA0C/index.html
dcs.suzuki.me	index	ALTO	AENLJA0A	403	https://dcs.suzuki.me/Upload/Downloads/Service/ServiceManuals/ALTO/xml/AENLJA0A/index.html
dcs.suzuki.me	index	ALTO	AENKSB0A	403	https://dcs.suzuki.me/Upload/Downloads/Service/ServiceManuals/ALTO/xml/AENKSB0A/index.html
dcs.suzuki.me	index	ALTO	AENLSB0A	403	https://dcs.suzuki.me/Upload/Downloads/Service/ServiceManuals/ALTO/xml/AENLSB0A/index.html
dcs.suzuki.me	index	ALTO	AENLSB0C	403	https://dcs.suzuki.me/Upload/Downloads/Service/ServiceManuals/ALTO/xml/AENLSB0C/index.html
dcs.suzuki.me	index	ALTO	ADU8RW0A	403	https://dcs.suzuki.me/Upload/Downloads/Service/ServiceManuals/ALTO/xml/ADU8RW0A/index.html
dcs.suzuki.me	index	ALTO	AEN7RW0A	403	https://dcs.suzuki.me/Upload/Downloads/Service/ServiceManuals/ALTO/xml/AEN7RW0A/index.html
dcs.suzuki.me	index	ALTO	ASP8RW0A	403	https://dcs.suzuki.me/Upload/Downloads/Service/ServiceManuals/ALTO/xml/ASP8RW0A/index.html
dcs.suzuki.me	index	BREZZA	AENLBA0C	403	https://dcs.suzuki.me/Upload/Downloads/Service/ServiceManuals/BREZZA/xml/AENLBA0C/index.html
dcs.suzuki.me	index	BREZZA	AENLJA0A	403	https://dcs.suzuki.me/Upload/Downloads/Service/ServiceManuals/BREZZA/xml/AENLJA0A/index.html
dcs.suzuki.me	index	BREZZA	AENKSB0A	403	https://dcs.suzuki.me/Upload/Downloads/Service/ServiceManuals/BREZZA/xml/AENKSB0A/index.html
dcs.suzuki.me	index	BREZZA	AENLSB0A	403	https://dcs.suzuki.me/Upload/Downloads/Service/ServiceManuals/BREZZA/xml/AENLSB0A/index.html
dcs.suzuki.me	index	BREZZA	AENLSB0C	403	https://dcs.suzuki.me/Upload/Downloads/Service/ServiceManuals/BREZZA/xml/AENLSB0C/index.html
dcs.suzuki.me	index	BREZZA	ADU8RW0A	403	https://dcs.suzuki.me/Upload/Downloads/Service/ServiceManuals/BREZZA/xml/ADU8RW0A/index.html
dcs.suzuki.me	index	BREZZA	AEN7RW0A	403	https://dcs.suzuki.me/Upload/Downloads/Service/ServiceManuals/BREZZA/xml/AEN7RW0A/index.html
dcs.suzuki.me	index	BREZZA	ASP8RW0A	403	https://dcs.suzuki.me/Upload/Downloads/Service/ServiceManuals/BREZZA/xml/ASP8RW0A/index.html
dcs.suzuki.me	index	CELERIO	AENLBA0C	403	https://dcs.suzuki.me/Upload/Downloads/Service/ServiceManuals/CELERIO/xml/AENLBA0C/index.html
dcs.suzuki.me	index	CELERIO	AENLJA0A	403	https://dcs.suzuki.me/Upload/Downloads/Service/ServiceManuals/CELERIO/xml/AENLJA0A/index.html
dcs.suzuki.me	index	CELERIO	AENKSB0A	403	https://dcs.suzuki.me/Upload/Downloads/Service/ServiceManuals/CELERIO/xml/AENKSB0A/index.html
dcs.suzuki.me	index	CELERIO	AENLSB0A	403	https://dcs.suzuki.me/Upload/Downloads/Service/ServiceManuals/CELERIO/xml/AENLSB0A/index.html
dcs.suzuki.me	index	CELERIO	AENLSB0C	403	https://dcs.suzuki.me/Upload/Downloads/Service/ServiceManuals/CELERIO/xml/AENLSB0C/index.html
dcs.suzuki.me	index	CELERIO	ADU8RW0A	403	https://dcs.suzuki.me/Upload/Downloads/Service/ServiceManuals/CELERIO/xml/ADU8RW0A/index.html
dcs.suzuki.me	index	CELERIO	AEN7RW0A	403	https://dcs.suzuki.me/Upload/Downloads/Service/ServiceManuals/CELERIO/xml/AEN7RW0A/index.html
dcs.suzuki.me	index	CELERIO	ASP8RW0A	403	https://dcs.suzuki.me/Upload/Downloads/Service/ServiceManuals/CELERIO/xml/ASP8RW0A/index.html
dcs.suzuki.me	index	DZIRE	AENLBA0C	403	https://dcs.suzuki.me/Upload/Downloads/Service/ServiceManuals/DZIRE/xml/AENLBA0C/index.html
dcs.suzuki.me	index	DZIRE	AENLJA0A	403	https://dcs.suzuki.me/Upload/Downloads/Service/ServiceManuals/DZIRE/xml/AENLJA0A/index.html
dcs.suzuki.me	index	DZIRE	AENKSB0A	403	https://dcs.suzuki.me/Upload/Downloads/Service/ServiceManuals/DZIRE/xml/AENKSB0A/index.html
dcs.suzuki.me	index	DZIRE	AENLSB0A	403	https://dcs.suzuki.me/Upload/Downloads/Service/ServiceManuals/DZIRE/xml/AENLSB0A/index.html
dcs.suzuki.me	index	DZIRE	AENLSB0C	403	https://dcs.suzuki.me/Upload/Downloads/Service/ServiceManuals/DZIRE/xml/AENLSB0C/index.html
dcs.suzuki.me	index	DZIRE	ADU8RW0A	403	https://dcs.suzuki.me/Upload/Downloads/Service/ServiceManuals/DZIRE/xml/ADU8RW0A/index.html
dcs.suzuki.me	index	DZIRE	AEN7RW0A	403	https://dcs.suzuki.me/Upload/Downloads/Service/ServiceManuals/DZIRE/xml/AEN7RW0A/index.html
dcs.suzuki.me	index	DZIRE	ASP8RW0A	403	https://dcs.suzuki.me/Upload/Downloads/Service/ServiceManuals/DZIRE/xml/ASP8RW0A/index.html
dcs.suzuki.me	index	EECO	AENLBA0C	403	https://dcs.suzuki.me/Upload/Downloads/Service/ServiceManuals/EECO/xml/AENLBA0C/index.html
dcs.suzuki.me	index	EECO	AENLJA0A	403	https://dcs.suzuki.me/Upload/Downloads/Service/ServiceManuals/EECO/xml/AENLJA0A/index.html
dcs.suzuki.me	index	EECO	AENKSB0A	403	https://dcs.suzuki.me/Upload/Downloads/Service/ServiceManuals/EECO/xml/AENKSB0A/index.html
dcs.suzuki.me	index	EECO	AENLSB0A	403	https://dcs.suzuki.me/Upload/Downloads/Service/ServiceManuals/EECO/xml/AENLSB0A/index.html
dcs.suzuki.me	index	EECO	AENLSB0C	403	https://dcs.suzuki.me/Upload/Downloads/Service/ServiceManuals/EECO/xml/AENLSB0C/index.html
dcs.suzuki.me	index	EECO	ADU8RW0A	403	https://dcs.suzuki.me/Upload/Downloads/Service/ServiceManuals/EECO/xml/ADU8RW0A/index.html
dcs.suzuki.me	index	EECO	AEN7RW0A	403	https://dcs.suzuki.me/Upload/Downloads/Service/ServiceManuals/EECO/xml/AEN7RW0A/index.html
dcs.suzuki.me	index	EECO	ASP8RW0A	403	https://dcs.suzuki.me/Upload/Downloads/Service/ServiceManuals/EECO/xml/ASP8RW0A/index.html
dcs.suzuki.me	index	FRONX	AENLBA0C	403	https://dcs.suzuki.me/Upload/Downloads/Service/ServiceManuals/FRONX/xml/AENLBA0C/index.html
dcs.suzuki.me	index	FRONX	AENLJA0A	403	https://dcs.suzuki.me/Upload/Downloads/Service/ServiceManuals/FRONX/xml/AENLJA0A/index.html
dcs.suzuki.me	index	FRONX	AENKSB0A	403	https://dcs.suzuki.me/Upload/Downloads/Service/ServiceManuals/FRONX/xml/AENKSB0A/index.html
dcs.suzuki.me	index	FRONX	AENLSB0A	403	https://dcs.suzuki.me/Upload/Downloads/Service/ServiceManuals/FRONX/xml/AENLSB0A/index.html
dcs.suzuki.me	index	FRONX	AENLSB0C	403	https://dcs.suzuki.me/Upload/Downloads/Service/ServiceManuals/FRONX/xml/AENLSB0C/index.html
dcs.suzuki.me	index	FRONX	ADU8RW0A	403	https://dcs.suzuki.me/Upload/Downloads/Service/ServiceManuals/FRONX/xml/ADU8RW0A/index.html
dcs.suzuki.me	index	FRONX	AEN7RW0A	403	https://dcs.suzuki.me/Upload/Downloads/Service/ServiceManuals/FRONX/xml/AEN7RW0A/index.html
dcs.suzuki.me	index	FRONX	ASP8RW0A	403	https://dcs.suzuki.me/Upload/Downloads/Service/ServiceManuals/FRONX/xml/ASP8RW0A/index.html
dcs.suzuki.me	index	IGNIS	AENLBA0C	403	https://dcs.suzuki.me/Upload/Downloads/Service/ServiceManuals/IGNIS/xml/AENLBA0C/index.html
dcs.suzuki.me	index	IGNIS	AENLJA0A	403	https://dcs.suzuki.me/Upload/Downloads/Service/ServiceManuals/IGNIS/xml/AENLJA0A/index.html
dcs.suzuki.me	index	IGNIS	AENKSB0A	403	https://dcs.suzuki.me/Upload/Downloads/Service/ServiceManuals/IGNIS/xml/AENKSB0A/index.html
dcs.suzuki.me	index	IGNIS	AENLSB0A	403	https://dcs.suzuki.me/Upload/Downloads/Service/ServiceManuals/IGNIS/xml/AENLSB0A/index.html
dcs.suzuki.me	index	IGNIS	AENLSB0C	403	https://dcs.suzuki.me/Upload/Downloads/Service/ServiceManuals/IGNIS/xml/AENLSB0C/index.html
dcs.suzuki.me	index	IGNIS	ADU8RW0A	403	https://dcs.suzuki.me/Upload/Downloads/Service/ServiceManuals/IGNIS/xml/ADU8RW0A/index.html
dcs.suzuki.me	index	IGNIS	AEN7RW0A	403	https://dcs.suzuki.me/Upload/Downloads/Service/ServiceManuals/IGNIS/xml/AEN7RW0A/index.html
dcs.suzuki.me	index	IGNIS	ASP8RW0A	403	https://dcs.suzuki.me/Upload/Downloads/Service/ServiceManuals/IGNIS/xml/ASP8RW0A/index.html
dcs.suzuki.me	index	IGNIS_ATM412	AENLBA0C	403	https://dcs.suzuki.me/Upload/Downloads/Service/ServiceManuals/IGNIS_ATM412/xml/AENLBA0C/index.html
dcs.suzuki.me	index	IGNIS_ATM412	AENLJA0A	403	https://dcs.suzuki.me/Upload/Downloads/Service/ServiceManuals/IGNIS_ATM412/xml/AENLJA0A/index.html
dcs.suzuki.me	index	IGNIS_ATM412	AENKSB0A	403	https://dcs.suzuki.me/Upload/Downloads/Service/ServiceManuals/IGNIS_ATM412/xml/AENKSB0A/index.html
dcs.suzuki.me	index	IGNIS_ATM412	AENLSB0A	403	https://dcs.suzuki.me/Upload/Downloads/Service/ServiceManuals/IGNIS_ATM412/xml/AENLSB0A/index.html
dcs.suzuki.me	index	IGNIS_ATM412	AENLSB0C	403	https://dcs.suzuki.me/Upload/Downloads/Service/ServiceManuals/IGNIS_ATM412/xml/AENLSB0C/index.html
dcs.suzuki.me	index	IGNIS_ATM412	ADU8RW0A	403	https://dcs.suzuki.me/Upload/Downloads/Service/ServiceManuals/IGNIS_ATM412/xml/ADU8RW0A/index.html
dcs.suzuki.me	index	IGNIS_ATM412	AEN7RW0A	403	https://dcs.suzuki.me/Upload/Downloads/Service/ServiceManuals/IGNIS_ATM412/xml/AEN7RW0A/index.html
dcs.suzuki.me	index	IGNIS_ATM412	ASP8RW0A	403	https://dcs.suzuki.me/Upload/Downloads/Service/ServiceManuals/IGNIS_ATM412/xml/ASP8RW0A/index.html
dcs.suzuki.me	index	JIMNY	AENLBA0C	403	https://dcs.suzuki.me/Upload/Downloads/Service/ServiceManuals/JIMNY/xml/AENLBA0C/index.html
dcs.suzuki.me	index	JIMNY	AENLJA0A	403	https://dcs.suzuki.me/Upload/Downloads/Service/ServiceManuals/JIMNY/xml/AENLJA0A/index.html
dcs.suzuki.me	index	JIMNY	AENKSB0A	403	https://dcs.suzuki.me/Upload/Downloads/Service/ServiceManuals/JIMNY/xml/AENKSB0A/index.html
dcs.suzuki.me	index	JIMNY	AENLSB0A	403	https://dcs.suzuki.me/Upload/Downloads/Service/ServiceManuals/JIMNY/xml/AENLSB0A/index.html
dcs.suzuki.me	index	JIMNY	AENLSB0C	403	https://dcs.suzuki.me/Upload/Downloads/Service/ServiceManuals/JIMNY/xml/AENLSB0C/index.html
dcs.suzuki.me	index	JIMNY	ADU8RW0A	403	https://dcs.suzuki.me/Upload/Downloads/Service/ServiceManuals/JIMNY/xml/ADU8RW0A/index.html
dcs.suzuki.me	index	JIMNY	AEN7RW0A	403	https://dcs.suzuki.me/Upload/Downloads/Service/ServiceManuals/JIMNY/xml/AEN7RW0A/index.html
dcs.suzuki.me	index	JIMNY	ASP8RW0A	403	https://dcs.suzuki.me/Upload/Downloads/Service/ServiceManuals/JIMNY/xml/ASP8RW0A/index.html
dcs.suzuki.me	index	KIZASHI	AENLBA0C	403	https://dcs.suzuki.me/Upload/Downloads/Service/ServiceManuals/KIZASHI/xml/AENLBA0C/index.html
dcs.suzuki.me	index	KIZASHI	AENLJA0A	403	https://dcs.suzuki.me/Upload/Downloads/Service/ServiceManuals/KIZASHI/xml/AENLJA0A/index.html
dcs.suzuki.me	index	KIZASHI	AENKSB0A	403	https://dcs.suzuki.me/Upload/Downloads/Service/ServiceManuals/KIZASHI/xml/AENKSB0A/index.html
dcs.suzuki.me	index	KIZASHI	AENLSB0A	403	https://dcs.suzuki.me/Upload/Downloads/Service/ServiceManuals/KIZASHI/xml/AENLSB0A/index.html
dcs.suzuki.me	index	KIZASHI	AENLSB0C	403	https://dcs.suzuki.me/Upload/Downloads/Service/ServiceManuals/KIZASHI/xml/AENLSB0C/index.html
dcs.suzuki.me	index	KIZASHI	ADU8RW0A	403	https://dcs.suzuki.me/Upload/Downloads/Service/ServiceManuals/KIZASHI/xml/ADU8RW0A/index.html
dcs.suzuki.me	index	KIZASHI	AEN7RW0A	403	https://dcs.suzuki.me/Upload/Downloads/Service/ServiceManuals/KIZASHI/xml/AEN7RW0A/index.html
dcs.suzuki.me	index	KIZASHI	ASP8RW0A	403	https://dcs.suzuki.me/Upload/Downloads/Service/ServiceManuals/KIZASHI/xml/ASP8RW0A/index.html
dcs.suzuki.me	index	S-PRESSO	AENLBA0C	403	https://dcs.suzuki.me/Upload/Downloads/Service/ServiceManuals/S-PRESSO/xml/AENLBA0C/index.html
dcs.suzuki.me	index	S-PRESSO	AENLJA0A	403	https://dcs.suzuki.me/Upload/Downloads/Service/ServiceManuals/S-PRESSO/xml/AENLJA0A/index.html
dcs.suzuki.me	index	S-PRESSO	AENKSB0A	403	https://dcs.suzuki.me/Upload/Downloads/Service/ServiceManuals/S-PRESSO/xml/AENKSB0A/index.html
dcs.suzuki.me	index	S-PRESSO	AENLSB0A	403	https://dcs.suzuki.me/Upload/Downloads/Service/ServiceManuals/S-PRESSO/xml/AENLSB0A/index.html
dcs.suzuki.me	index	S-PRESSO	AENLSB0C	403	https://dcs.suzuki.me/Upload/Downloads/Service/ServiceManuals/S-PRESSO/xml/AENLSB0C/index.html
dcs.suzuki.me	index	S-PRESSO	ADU8RW0A	403	https://dcs.suzuki.me/Upload/Downloads/Service/ServiceManuals/S-PRESSO/xml/ADU8RW0A/index.html
dcs.suzuki.me	index	S-PRESSO	AEN7RW0A	403	https://dcs.suzuki.me/Upload/Downloads/Service/ServiceManuals/S-PRESSO/xml/AEN7RW0A/index.html
dcs.suzuki.me	index	S-PRESSO	ASP8RW0A	403	https://dcs.suzuki.me/Upload/Downloads/Service/ServiceManuals/S-PRESSO/xml/ASP8RW0A/index.html
dcs.suzuki.me	index	SPLASH	AENLBA0C	403	https://dcs.suzuki.me/Upload/Downloads/Service/ServiceManuals/SPLASH/xml/AENLBA0C/index.html
dcs.suzuki.me	index	SPLASH	AENLJA0A	403	https://dcs.suzuki.me/Upload/Downloads/Service/ServiceManuals/SPLASH/xml/AENLJA0A/index.html
dcs.suzuki.me	index	SPLASH	AENKSB0A	403	https://dcs.suzuki.me/Upload/Downloads/Service/ServiceManuals/SPLASH/xml/AENKSB0A/index.html
dcs.suzuki.me	index	SPLASH	AENLSB0A	403	https://dcs.suzuki.me/Upload/Downloads/Service/ServiceManuals/SPLASH/xml/AENLSB0A/index.html
dcs.suzuki.me	index	SPLASH	AENLSB0C	403	https://dcs.suzuki.me/Upload/Downloads/Service/ServiceManuals/SPLASH/xml/AENLSB0C/index.html
dcs.suzuki.me	index	SPLASH	ADU8RW0A	403	https://dcs.suzuki.me/Upload/Downloads/Service/ServiceManuals/SPLASH/xml/ADU8RW0A/index.html
dcs.suzuki.me	index	SPLASH	AEN7RW0A	403	https://dcs.suzuki.me/Upload/Downloads/Service/ServiceManuals/SPLASH/xml/AEN7RW0A/index.html
dcs.suzuki.me	index	SPLASH	ASP8RW0A	403	https://dcs.suzuki.me/Upload/Downloads/Service/ServiceManuals/SPLASH/xml/ASP8RW0A/index.html
dcs.suzuki.me	index	SUPER_CARRY	AENLBA0C	403	https://dcs.suzuki.me/Upload/Downloads/Service/ServiceManuals/SUPER_CARRY/xml/AENLBA0C/index.html
dcs.suzuki.me	index	SUPER_CARRY	AENLJA0A	403	https://dcs.suzuki.me/Upload/Downloads/Service/ServiceManuals/SUPER_CARRY/xml/AENLJA0A/index.html
dcs.suzuki.me	index	SUPER_CARRY	AENKSB0A	403	https://dcs.suzuki.me/Upload/Downloads/Service/ServiceManuals/SUPER_CARRY/xml/AENKSB0A/index.html
dcs.suzuki.me	index	SUPER_CARRY	AENLSB0A	403	https://dcs.suzuki.me/Upload/Downloads/Service/ServiceManuals/SUPER_CARRY/xml/AENLSB0A/index.html
dcs.suzuki.me	index	SUPER_CARRY	AENLSB0C	403	https://dcs.suzuki.me/Upload/Downloads/Service/ServiceManuals/SUPER_CARRY/xml/AENLSB0C/index.html
dcs.suzuki.me	index	SUPER_CARRY	ADU8RW0A	403	https://dcs.suzuki.me/Upload/Downloads/Service/ServiceManuals/SUPER_CARRY/xml/ADU8RW0A/index.html
dcs.suzuki.me	index	SUPER_CARRY	AEN7RW0A	403	https://dcs.suzuki.me/Upload/Downloads/Service/ServiceManuals/SUPER_CARRY/xml/AEN7RW0A/index.html
dcs.suzuki.me	index	SUPER_CARRY	ASP8RW0A	403	https://dcs.suzuki.me/Upload/Downloads/Service/ServiceManuals/SUPER_CARRY/xml/ASP8RW0A/index.html
dcs.suzuki.me	index	SWIFT_A2L310_A2L412_A2L414	AENLBA0C	403	https://dcs.suzuki.me/Upload/Downloads/Service/ServiceManuals/SWIFT_A2L310_A2L412_A2L414/xml/AENLBA0C/index.html
dcs.suzuki.me	index	SWIFT_A2L310_A2L412_A2L414	AENLJA0A	403	https://dcs.suzuki.me/Upload/Downloads/Service/ServiceManuals/SWIFT_A2L310_A2L412_A2L414/xml/AENLJA0A/index.html
dcs.suzuki.me	index	SWIFT_A2L310_A2L412_A2L414	AENKSB0A	403	https://dcs.suzuki.me/Upload/Downloads/Service/ServiceManuals/SWIFT_A2L310_A2L412_A2L414/xml/AENKSB0A/index.html
dcs.suzuki.me	index	SWIFT_A2L310_A2L412_A2L414	AENLSB0A	403	https://dcs.suzuki.me/Upload/Downloads/Service/ServiceManuals/SWIFT_A2L310_A2L412_A2L414/xml/AENLSB0A/index.html
dcs.suzuki.me	index	SWIFT_A2L310_A2L412_A2L414	AENLSB0C	403	https://dcs.suzuki.me/Upload/Downloads/Service/ServiceManuals/SWIFT_A2L310_A2L412_A2L414/xml/AENLSB0C/index.html
dcs.suzuki.me	index	SWIFT_A2L310_A2L412_A2L414	ADU8RW0A	403	https://dcs.suzuki.me/Upload/Downloads/Service/ServiceManuals/SWIFT_A2L310_A2L412_A2L414/xml/ADU8RW0A/index.html
dcs.suzuki.me	index	SWIFT_A2L310_A2L412_A2L414	AEN7RW0A	403	https://dcs.suzuki.me/Upload/Downloads/Service/ServiceManuals/SWIFT_A2L310_A2L412_A2L414/xml/AEN7RW0A/index.html
dcs.suzuki.me	index	SWIFT_A2L310_A2L412_A2L414	ASP8RW0A	403	https://dcs.suzuki.me/Upload/Downloads/Service/ServiceManuals/SWIFT_A2L310_A2L412_A2L414/xml/ASP8RW0A/index.html
dcs.suzuki.me	index	SWIFT_AZG412_AZG413D_AZG416	AENLBA0C	403	https://dcs.suzuki.me/Upload/Downloads/Service/ServiceManuals/SWIFT_AZG412_AZG413D_AZG416/xml/AENLBA0C/index.html
dcs.suzuki.me	index	SWIFT_AZG412_AZG413D_AZG416	AENLJA0A	403	https://dcs.suzuki.me/Upload/Downloads/Service/ServiceManuals/SWIFT_AZG412_AZG413D_AZG416/xml/AENLJA0A/index.html
dcs.suzuki.me	index	SWIFT_AZG412_AZG413D_AZG416	AENKSB0A	403	https://dcs.suzuki.me/Upload/Downloads/Service/ServiceManuals/SWIFT_AZG412_AZG413D_AZG416/xml/AENKSB0A/index.html
dcs.suzuki.me	index	SWIFT_AZG412_AZG413D_AZG416	AENLSB0A	403	https://dcs.suzuki.me/Upload/Downloads/Service/ServiceManuals/SWIFT_AZG412_AZG413D_AZG416/xml/AENLSB0A/index.html
dcs.suzuki.me	index	SWIFT_AZG412_AZG413D_AZG416	AENLSB0C	403	https://dcs.suzuki.me/Upload/Downloads/Service/ServiceManuals/SWIFT_AZG412_AZG413D_AZG416/xml/AENLSB0C/index.html
dcs.suzuki.me	index	SWIFT_AZG412_AZG413D_AZG416	ADU8RW0A	403	https://dcs.suzuki.me/Upload/Downloads/Service/ServiceManuals/SWIFT_AZG412_AZG413D_AZG416/xml/ADU8RW0A/index.html
dcs.suzuki.me	index	SWIFT_AZG412_AZG413D_AZG416	AEN7RW0A	403	https://dcs.suzuki.me/Upload/Downloads/Service/ServiceManuals/SWIFT_AZG412_AZG413D_AZG416/xml/AEN7RW0A/index.html
dcs.suzuki.me	index	SWIFT_AZG412_AZG413D_AZG416	ASP8RW0A	403	https://dcs.suzuki.me/Upload/Downloads/Service/ServiceManuals/SWIFT_AZG412_AZG413D_AZG416/xml/ASP8RW0A/index.html
dcs.suzuki.me	index	SX4	AENLBA0C	403	https://dcs.suzuki.me/Upload/Downloads/Service/ServiceManuals/SX4/xml/AENLBA0C/index.html
dcs.suzuki.me	index	SX4	AENLJA0A	403	https://dcs.suzuki.me/Upload/Downloads/Service/ServiceManuals/SX4/xml/AENLJA0A/index.html
dcs.suzuki.me	index	SX4	AENKSB0A	403	https://dcs.suzuki.me/Upload/Downloads/Service/ServiceManuals/SX4/xml/AENKSB0A/index.html
dcs.suzuki.me	index	SX4	AENLSB0A	403	https://dcs.suzuki.me/Upload/Downloads/Service/ServiceManuals/SX4/xml/AENLSB0A/index.html
dcs.suzuki.me	index	SX4	AENLSB0C	403	https://dcs.suzuki.me/Upload/Downloads/Service/ServiceManuals/SX4/xml/AENLSB0C/index.html
dcs.suzuki.me	index	SX4	ADU8RW0A	403	https://dcs.suzuki.me/Upload/Downloads/Service/ServiceManuals/SX4/xml/ADU8RW0A/index.html
dcs.suzuki.me	index	SX4	AEN7RW0A	403	https://dcs.suzuki.me/Upload/Downloads/Service/ServiceManuals/SX4/xml/AEN7RW0A/index.html
dcs.suzuki.me	index	SX4	ASP8RW0A	403	https://dcs.suzuki.me/Upload/Downloads/Service/ServiceManuals/SX4/xml/ASP8RW0A/index.html
dcs.suzuki.me	index	SX4_RW415_RW416_RW420	AENLBA0C	403	https://dcs.suzuki.me/Upload/Downloads/Service/ServiceManuals/SX4_RW415_RW416_RW420/xml/AENLBA0C/index.html
dcs.suzuki.me	index	SX4_RW415_RW416_RW420	AENLJA0A	403	https://dcs.suzuki.me/Upload/Downloads/Service/ServiceManuals/SX4_RW415_RW416_RW420/xml/AENLJA0A/index.html
dcs.suzuki.me	index	SX4_RW415_RW416_RW420	AENKSB0A	403	https://dcs.suzuki.me/Upload/Downloads/Service/ServiceManuals/SX4_RW415_RW416_RW420/xml/AENKSB0A/index.html
dcs.suzuki.me	index	SX4_RW415_RW416_RW420	AENLSB0A	403	https://dcs.suzuki.me/Upload/Downloads/Service/ServiceManuals/SX4_RW415_RW416_RW420/xml/AENLSB0A/index.html
dcs.suzuki.me	index	SX4_RW415_RW416_RW420	AENLSB0C	403	https://dcs.suzuki.me/Upload/Downloads/Service/ServiceManuals/SX4_RW415_RW416_RW420/xml/AENLSB0C/index.html
dcs.suzuki.me	index	SX4_RW415_RW416_RW420	ADU8RW0A	403	https://dcs.suzuki.me/Upload/Downloads/Service/ServiceManuals/SX4_RW415_RW416_RW420/xml/ADU8RW0A/index.html
dcs.suzuki.me	index	SX4_RW415_RW416_RW420	AEN7RW0A	403	https://dcs.suzuki.me/Upload/Downloads/Service/ServiceManuals/SX4_RW415_RW416_RW420/xml/AEN7RW0A/index.html
dcs.suzuki.me	index	SX4_RW415_RW416_RW420	ASP8RW0A	403	https://dcs.suzuki.me/Upload/Downloads/Service/ServiceManuals/SX4_RW415_RW416_RW420/xml/ASP8RW0A/index.html
dcs.suzuki.me	index	XL6	AENLBA0C	403	https://dcs.suzuki.me/Upload/Downloads/Service/ServiceManuals/XL6/xml/AENLBA0C/index.html
dcs.suzuki.me	index	XL6	AENLJA0A	403	https://dcs.suzuki.me/Upload/Downloads/Service/ServiceManuals/XL6/xml/AENLJA0A/index.html
dcs.suzuki.me	index	XL6	AENKSB0A	403	https://dcs.suzuki.me/Upload/Downloads/Service/ServiceManuals/XL6/xml/AENKSB0A/index.html
dcs.suzuki.me	index	XL6	AENLSB0A	403	https://dcs.suzuki.me/Upload/Downloads/Service/ServiceManuals/XL6/xml/AENLSB0A/index.html
dcs.suzuki.me	index	XL6	AENLSB0C	403	https://dcs.suzuki.me/Upload/Downloads/Service/ServiceManuals/XL6/xml/AENLSB0C/index.html
dcs.suzuki.me	index	XL6	ADU8RW0A	403	https://dcs.suzuki.me/Upload/Downloads/Service/ServiceManuals/XL6/xml/ADU8RW0A/index.html
dcs.suzuki.me	index	XL6	AEN7RW0A	403	https://dcs.suzuki.me/Upload/Downloads/Service/ServiceManuals/XL6/xml/AEN7RW0A/index.html
dcs.suzuki.me	index	XL6	ASP8RW0A	403	https://dcs.suzuki.me/Upload/Downloads/Service/ServiceManuals/XL6/xml/ASP8RW0A/index.html
dcs.suzuki.at	root	ALTO		200	https://dcs.suzuki.at/Upload/Downloads/Service/ServiceManuals/ALTO/
dcs.suzuki.at	root	BREZZA		200	https://dcs.suzuki.at/Upload/Downloads/Service/ServiceManuals/BREZZA/
dcs.suzuki.at	root	CELERIO		200	https://dcs.suzuki.at/Upload/Downloads/Service/ServiceManuals/CELERIO/
dcs.suzuki.at	root	DZIRE		200	https://dcs.suzuki.at/Upload/Downloads/Service/ServiceManuals/DZIRE/
dcs.suzuki.at	root	EECO		200	https://dcs.suzuki.at/Upload/Downloads/Service/ServiceManuals/EECO/
dcs.suzuki.at	root	FRONX		200	https://dcs.suzuki.at/Upload/Downloads/Service/ServiceManuals/FRONX/
dcs.suzuki.at	root	IGNIS		200	https://dcs.suzuki.at/Upload/Downloads/Service/ServiceManuals/IGNIS/
dcs.suzuki.at	root	IGNIS_ATM412		200	https://dcs.suzuki.at/Upload/Downloads/Service/ServiceManuals/IGNIS_ATM412/
dcs.suzuki.at	root	JIMNY		200	https://dcs.suzuki.at/Upload/Downloads/Service/ServiceManuals/JIMNY/
dcs.suzuki.at	root	KIZASHI		200	https://dcs.suzuki.at/Upload/Downloads/Service/ServiceManuals/KIZASHI/
dcs.suzuki.at	root	S-PRESSO		200	https://dcs.suzuki.at/Upload/Downloads/Service/ServiceManuals/S-PRESSO/
dcs.suzuki.at	root	SPLASH		200	https://dcs.suzuki.at/Upload/Downloads/Service/ServiceManuals/SPLASH/
dcs.suzuki.at	root	SUPER_CARRY		200	https://dcs.suzuki.at/Upload/Downloads/Service/ServiceManuals/SUPER_CARRY/
dcs.suzuki.at	root	SWIFT_A2L310_A2L412_A2L414		200	https://dcs.suzuki.at/Upload/Downloads/Service/ServiceManuals/SWIFT_A2L310_A2L412_A2L414/
dcs.suzuki.at	root	SWIFT_AZG412_AZG413D_AZG416		200	https://dcs.suzuki.at/Upload/Downloads/Service/ServiceManuals/SWIFT_AZG412_AZG413D_AZG416/
dcs.suzuki.at	root	SX4		200	https://dcs.suzuki.at/Upload/Downloads/Service/ServiceManuals/SX4/
dcs.suzuki.at	root	SX4_RW415_RW416_RW420		200	https://dcs.suzuki.at/Upload/Downloads/Service/ServiceManuals/SX4_RW415_RW416_RW420/
dcs.suzuki.at	root	XL6		200	https://dcs.suzuki.at/Upload/Downloads/Service/ServiceManuals/XL6/
dcs.suzuki.at	index	ALTO	AENLBA0C	200	https://dcs.suzuki.at/Upload/Downloads/Service/ServiceManuals/ALTO/xml/AENLBA0C/index.html
dcs.suzuki.at	index	ALTO	AENLJA0A	200	https://dcs.suzuki.at/Upload/Downloads/Service/ServiceManuals/ALTO/xml/AENLJA0A/index.html
dcs.suzuki.at	index	ALTO	AENKSB0A	200	https://dcs.suzuki.at/Upload/Downloads/Service/ServiceManuals/ALTO/xml/AENKSB0A/index.html
dcs.suzuki.at	index	ALTO	AENLSB0A	200	https://dcs.suzuki.at/Upload/Downloads/Service/ServiceManuals/ALTO/xml/AENLSB0A/index.html
dcs.suzuki.at	index	ALTO	AENLSB0C	200	https://dcs.suzuki.at/Upload/Downloads/Service/ServiceManuals/ALTO/xml/AENLSB0C/index.html
dcs.suzuki.at	index	ALTO	ADU8RW0A	200	https://dcs.suzuki.at/Upload/Downloads/Service/ServiceManuals/ALTO/xml/ADU8RW0A/index.html
dcs.suzuki.at	index	ALTO	AEN7RW0A	200	https://dcs.suzuki.at/Upload/Downloads/Service/ServiceManuals/ALTO/xml/AEN7RW0A/index.html
dcs.suzuki.at	index	ALTO	ASP8RW0A	200	https://dcs.suzuki.at/Upload/Downloads/Service/ServiceManuals/ALTO/xml/ASP8RW0A/index.html
dcs.suzuki.at	index	BREZZA	AENLBA0C	200	https://dcs.suzuki.at/Upload/Downloads/Service/ServiceManuals/BREZZA/xml/AENLBA0C/index.html
dcs.suzuki.at	index	BREZZA	AENLJA0A	200	https://dcs.suzuki.at/Upload/Downloads/Service/ServiceManuals/BREZZA/xml/AENLJA0A/index.html
dcs.suzuki.at	index	BREZZA	AENKSB0A	200	https://dcs.suzuki.at/Upload/Downloads/Service/ServiceManuals/BREZZA/xml/AENKSB0A/index.html
dcs.suzuki.at	index	BREZZA	AENLSB0A	200	https://dcs.suzuki.at/Upload/Downloads/Service/ServiceManuals/BREZZA/xml/AENLSB0A/index.html
dcs.suzuki.at	index	BREZZA	AENLSB0C	200	https://dcs.suzuki.at/Upload/Downloads/Service/ServiceManuals/BREZZA/xml/AENLSB0C/index.html
dcs.suzuki.at	index	BREZZA	ADU8RW0A	200	https://dcs.suzuki.at/Upload/Downloads/Service/ServiceManuals/BREZZA/xml/ADU8RW0A/index.html
dcs.suzuki.at	index	BREZZA	AEN7RW0A	200	https://dcs.suzuki.at/Upload/Downloads/Service/ServiceManuals/BREZZA/xml/AEN7RW0A/index.html
dcs.suzuki.at	index	BREZZA	ASP8RW0A	200	https://dcs.suzuki.at/Upload/Downloads/Service/ServiceManuals/BREZZA/xml/ASP8RW0A/index.html
dcs.suzuki.at	index	CELERIO	AENLBA0C	200	https://dcs.suzuki.at/Upload/Downloads/Service/ServiceManuals/CELERIO/xml/AENLBA0C/index.html
dcs.suzuki.at	index	CELERIO	AENLJA0A	200	https://dcs.suzuki.at/Upload/Downloads/Service/ServiceManuals/CELERIO/xml/AENLJA0A/index.html
dcs.suzuki.at	index	CELERIO	AENKSB0A	200	https://dcs.suzuki.at/Upload/Downloads/Service/ServiceManuals/CELERIO/xml/AENKSB0A/index.html
dcs.suzuki.at	index	CELERIO	AENLSB0A	200	https://dcs.suzuki.at/Upload/Downloads/Service/ServiceManuals/CELERIO/xml/AENLSB0A/index.html
dcs.suzuki.at	index	CELERIO	AENLSB0C	200	https://dcs.suzuki.at/Upload/Downloads/Service/ServiceManuals/CELERIO/xml/AENLSB0C/index.html
dcs.suzuki.at	index	CELERIO	ADU8RW0A	200	https://dcs.suzuki.at/Upload/Downloads/Service/ServiceManuals/CELERIO/xml/ADU8RW0A/index.html
dcs.suzuki.at	index	CELERIO	AEN7RW0A	200	https://dcs.suzuki.at/Upload/Downloads/Service/ServiceManuals/CELERIO/xml/AEN7RW0A/index.html
dcs.suzuki.at	index	CELERIO	ASP8RW0A	200	https://dcs.suzuki.at/Upload/Downloads/Service/ServiceManuals/CELERIO/xml/ASP8RW0A/index.html
dcs.suzuki.at	index	DZIRE	AENLBA0C	200	https://dcs.suzuki.at/Upload/Downloads/Service/ServiceManuals/DZIRE/xml/AENLBA0C/index.html
dcs.suzuki.at	index	DZIRE	AENLJA0A	200	https://dcs.suzuki.at/Upload/Downloads/Service/ServiceManuals/DZIRE/xml/AENLJA0A/index.html
dcs.suzuki.at	index	DZIRE	AENKSB0A	200	https://dcs.suzuki.at/Upload/Downloads/Service/ServiceManuals/DZIRE/xml/AENKSB0A/index.html
dcs.suzuki.at	index	DZIRE	AENLSB0A	200	https://dcs.suzuki.at/Upload/Downloads/Service/ServiceManuals/DZIRE/xml/AENLSB0A/index.html
dcs.suzuki.at	index	DZIRE	AENLSB0C	200	https://dcs.suzuki.at/Upload/Downloads/Service/ServiceManuals/DZIRE/xml/AENLSB0C/index.html
dcs.suzuki.at	index	DZIRE	ADU8RW0A	200	https://dcs.suzuki.at/Upload/Downloads/Service/ServiceManuals/DZIRE/xml/ADU8RW0A/index.html
dcs.suzuki.at	index	DZIRE	AEN7RW0A	200	https://dcs.suzuki.at/Upload/Downloads/Service/ServiceManuals/DZIRE/xml/AEN7RW0A/index.html
dcs.suzuki.at	index	DZIRE	ASP8RW0A	200	https://dcs.suzuki.at/Upload/Downloads/Service/ServiceManuals/DZIRE/xml/ASP8RW0A/index.html
dcs.suzuki.at	index	EECO	AENLBA0C	200	https://dcs.suzuki.at/Upload/Downloads/Service/ServiceManuals/EECO/xml/AENLBA0C/index.html
dcs.suzuki.at	index	EECO	AENLJA0A	200	https://dcs.suzuki.at/Upload/Downloads/Service/ServiceManuals/EECO/xml/AENLJA0A/index.html
dcs.suzuki.at	index	EECO	AENKSB0A	200	https://dcs.suzuki.at/Upload/Downloads/Service/ServiceManuals/EECO/xml/AENKSB0A/index.html
dcs.suzuki.at	index	EECO	AENLSB0A	200	https://dcs.suzuki.at/Upload/Downloads/Service/ServiceManuals/EECO/xml/AENLSB0A/index.html
dcs.suzuki.at	index	EECO	AENLSB0C	200	https://dcs.suzuki.at/Upload/Downloads/Service/ServiceManuals/EECO/xml/AENLSB0C/index.html
dcs.suzuki.at	index	EECO	ADU8RW0A	200	https://dcs.suzuki.at/Upload/Downloads/Service/ServiceManuals/EECO/xml/ADU8RW0A/index.html
dcs.suzuki.at	index	EECO	AEN7RW0A	200	https://dcs.suzuki.at/Upload/Downloads/Service/ServiceManuals/EECO/xml/AEN7RW0A/index.html
dcs.suzuki.at	index	EECO	ASP8RW0A	200	https://dcs.suzuki.at/Upload/Downloads/Service/ServiceManuals/EECO/xml/ASP8RW0A/index.html
dcs.suzuki.at	index	FRONX	AENLBA0C	200	https://dcs.suzuki.at/Upload/Downloads/Service/ServiceManuals/FRONX/xml/AENLBA0C/index.html
dcs.suzuki.at	index	FRONX	AENLJA0A	200	https://dcs.suzuki.at/Upload/Downloads/Service/ServiceManuals/FRONX/xml/AENLJA0A/index.html
dcs.suzuki.at	index	FRONX	AENKSB0A	200	https://dcs.suzuki.at/Upload/Downloads/Service/ServiceManuals/FRONX/xml/AENKSB0A/index.html
dcs.suzuki.at	index	FRONX	AENLSB0A	200	https://dcs.suzuki.at/Upload/Downloads/Service/ServiceManuals/FRONX/xml/AENLSB0A/index.html
dcs.suzuki.at	index	FRONX	AENLSB0C	200	https://dcs.suzuki.at/Upload/Downloads/Service/ServiceManuals/FRONX/xml/AENLSB0C/index.html
dcs.suzuki.at	index	FRONX	ADU8RW0A	200	https://dcs.suzuki.at/Upload/Downloads/Service/ServiceManuals/FRONX/xml/ADU8RW0A/index.html
dcs.suzuki.at	index	FRONX	AEN7RW0A	200	https://dcs.suzuki.at/Upload/Downloads/Service/ServiceManuals/FRONX/xml/AEN7RW0A/index.html
dcs.suzuki.at	index	FRONX	ASP8RW0A	200	https://dcs.suzuki.at/Upload/Downloads/Service/ServiceManuals/FRONX/xml/ASP8RW0A/index.html
dcs.suzuki.at	index	IGNIS	AENLBA0C	200	https://dcs.suzuki.at/Upload/Downloads/Service/ServiceManuals/IGNIS/xml/AENLBA0C/index.html
dcs.suzuki.at	index	IGNIS	AENLJA0A	200	https://dcs.suzuki.at/Upload/Downloads/Service/ServiceManuals/IGNIS/xml/AENLJA0A/index.html
dcs.suzuki.at	index	IGNIS	AENKSB0A	200	https://dcs.suzuki.at/Upload/Downloads/Service/ServiceManuals/IGNIS/xml/AENKSB0A/index.html
dcs.suzuki.at	index	IGNIS	AENLSB0A	200	https://dcs.suzuki.at/Upload/Downloads/Service/ServiceManuals/IGNIS/xml/AENLSB0A/index.html
dcs.suzuki.at	index	IGNIS	AENLSB0C	200	https://dcs.suzuki.at/Upload/Downloads/Service/ServiceManuals/IGNIS/xml/AENLSB0C/index.html
dcs.suzuki.at	index	IGNIS	ADU8RW0A	200	https://dcs.suzuki.at/Upload/Downloads/Service/ServiceManuals/IGNIS/xml/ADU8RW0A/index.html
dcs.suzuki.at	index	IGNIS	AEN7RW0A	200	https://dcs.suzuki.at/Upload/Downloads/Service/ServiceManuals/IGNIS/xml/AEN7RW0A/index.html
dcs.suzuki.at	index	IGNIS	ASP8RW0A	200	https://dcs.suzuki.at/Upload/Downloads/Service/ServiceManuals/IGNIS/xml/ASP8RW0A/index.html
dcs.suzuki.at	index	IGNIS_ATM412	AENLBA0C	200	https://dcs.suzuki.at/Upload/Downloads/Service/ServiceManuals/IGNIS_ATM412/xml/AENLBA0C/index.html
dcs.suzuki.at	index	IGNIS_ATM412	AENLJA0A	200	https://dcs.suzuki.at/Upload/Downloads/Service/ServiceManuals/IGNIS_ATM412/xml/AENLJA0A/index.html
dcs.suzuki.at	index	IGNIS_ATM412	AENKSB0A	200	https://dcs.suzuki.at/Upload/Downloads/Service/ServiceManuals/IGNIS_ATM412/xml/AENKSB0A/index.html
dcs.suzuki.at	index	IGNIS_ATM412	AENLSB0A	200	https://dcs.suzuki.at/Upload/Downloads/Service/ServiceManuals/IGNIS_ATM412/xml/AENLSB0A/index.html
dcs.suzuki.at	index	IGNIS_ATM412	AENLSB0C	200	https://dcs.suzuki.at/Upload/Downloads/Service/ServiceManuals/IGNIS_ATM412/xml/AENLSB0C/index.html
dcs.suzuki.at	index	IGNIS_ATM412	ADU8RW0A	200	https://dcs.suzuki.at/Upload/Downloads/Service/ServiceManuals/IGNIS_ATM412/xml/ADU8RW0A/index.html
dcs.suzuki.at	index	IGNIS_ATM412	AEN7RW0A	200	https://dcs.suzuki.at/Upload/Downloads/Service/ServiceManuals/IGNIS_ATM412/xml/AEN7RW0A/index.html
dcs.suzuki.at	index	IGNIS_ATM412	ASP8RW0A	200	https://dcs.suzuki.at/Upload/Downloads/Service/ServiceManuals/IGNIS_ATM412/xml/ASP8RW0A/index.html
dcs.suzuki.at	index	JIMNY	AENLBA0C	200	https://dcs.suzuki.at/Upload/Downloads/Service/ServiceManuals/JIMNY/xml/AENLBA0C/index.html
dcs.suzuki.at	index	JIMNY	AENLJA0A	200	https://dcs.suzuki.at/Upload/Downloads/Service/ServiceManuals/JIMNY/xml/AENLJA0A/index.html
dcs.suzuki.at	index	JIMNY	AENKSB0A	200	https://dcs.suzuki.at/Upload/Downloads/Service/ServiceManuals/JIMNY/xml/AENKSB0A/index.html
dcs.suzuki.at	index	JIMNY	AENLSB0A	200	https://dcs.suzuki.at/Upload/Downloads/Service/ServiceManuals/JIMNY/xml/AENLSB0A/index.html
dcs.suzuki.at	index	JIMNY	AENLSB0C	200	https://dcs.suzuki.at/Upload/Downloads/Service/ServiceManuals/JIMNY/xml/AENLSB0C/index.html
dcs.suzuki.at	index	JIMNY	ADU8RW0A	200	https://dcs.suzuki.at/Upload/Downloads/Service/ServiceManuals/JIMNY/xml/ADU8RW0A/index.html
dcs.suzuki.at	index	JIMNY	AEN7RW0A	200	https://dcs.suzuki.at/Upload/Downloads/Service/ServiceManuals/JIMNY/xml/AEN7RW0A/index.html
dcs.suzuki.at	index	JIMNY	ASP8RW0A	200	https://dcs.suzuki.at/Upload/Downloads/Service/ServiceManuals/JIMNY/xml/ASP8RW0A/index.html
dcs.suzuki.at	index	KIZASHI	AENLBA0C	200	https://dcs.suzuki.at/Upload/Downloads/Service/ServiceManuals/KIZASHI/xml/AENLBA0C/index.html
dcs.suzuki.at	index	KIZASHI	AENLJA0A	200	https://dcs.suzuki.at/Upload/Downloads/Service/ServiceManuals/KIZASHI/xml/AENLJA0A/index.html
dcs.suzuki.at	index	KIZASHI	AENKSB0A	200	https://dcs.suzuki.at/Upload/Downloads/Service/ServiceManuals/KIZASHI/xml/AENKSB0A/index.html
dcs.suzuki.at	index	KIZASHI	AENLSB0A	200	https://dcs.suzuki.at/Upload/Downloads/Service/ServiceManuals/KIZASHI/xml/AENLSB0A/index.html
dcs.suzuki.at	index	KIZASHI	AENLSB0C	200	https://dcs.suzuki.at/Upload/Downloads/Service/ServiceManuals/KIZASHI/xml/AENLSB0C/index.html
dcs.suzuki.at	index	KIZASHI	ADU8RW0A	200	https://dcs.suzuki.at/Upload/Downloads/Service/ServiceManuals/KIZASHI/xml/ADU8RW0A/index.html
dcs.suzuki.at	index	KIZASHI	AEN7RW0A	200	https://dcs.suzuki.at/Upload/Downloads/Service/ServiceManuals/KIZASHI/xml/AEN7RW0A/index.html
dcs.suzuki.at	index	KIZASHI	ASP8RW0A	200	https://dcs.suzuki.at/Upload/Downloads/Service/ServiceManuals/KIZASHI/xml/ASP8RW0A/index.html
dcs.suzuki.at	index	S-PRESSO	AENLBA0C	200	https://dcs.suzuki.at/Upload/Downloads/Service/ServiceManuals/S-PRESSO/xml/AENLBA0C/index.html
dcs.suzuki.at	index	S-PRESSO	AENLJA0A	200	https://dcs.suzuki.at/Upload/Downloads/Service/ServiceManuals/S-PRESSO/xml/AENLJA0A/index.html
dcs.suzuki.at	index	S-PRESSO	AENKSB0A	200	https://dcs.suzuki.at/Upload/Downloads/Service/ServiceManuals/S-PRESSO/xml/AENKSB0A/index.html
dcs.suzuki.at	index	S-PRESSO	AENLSB0A	200	https://dcs.suzuki.at/Upload/Downloads/Service/ServiceManuals/S-PRESSO/xml/AENLSB0A/index.html
dcs.suzuki.at	index	S-PRESSO	AENLSB0C	200	https://dcs.suzuki.at/Upload/Downloads/Service/ServiceManuals/S-PRESSO/xml/AENLSB0C/index.html
dcs.suzuki.at	index	S-PRESSO	ADU8RW0A	200	https://dcs.suzuki.at/Upload/Downloads/Service/ServiceManuals/S-PRESSO/xml/ADU8RW0A/index.html
dcs.suzuki.at	index	S-PRESSO	AEN7RW0A	200	https://dcs.suzuki.at/Upload/Downloads/Service/ServiceManuals/S-PRESSO/xml/AEN7RW0A/index.html
dcs.suzuki.at	index	S-PRESSO	ASP8RW0A	200	https://dcs.suzuki.at/Upload/Downloads/Service/ServiceManuals/S-PRESSO/xml/ASP8RW0A/index.html
dcs.suzuki.at	index	SPLASH	AENLBA0C	200	https://dcs.suzuki.at/Upload/Downloads/Service/ServiceManuals/SPLASH/xml/AENLBA0C/index.html
dcs.suzuki.at	index	SPLASH	AENLJA0A	200	https://dcs.suzuki.at/Upload/Downloads/Service/ServiceManuals/SPLASH/xml/AENLJA0A/index.html
dcs.suzuki.at	index	SPLASH	AENKSB0A	200	https://dcs.suzuki.at/Upload/Downloads/Service/ServiceManuals/SPLASH/xml/AENKSB0A/index.html
dcs.suzuki.at	index	SPLASH	AENLSB0A	200	https://dcs.suzuki.at/Upload/Downloads/Service/ServiceManuals/SPLASH/xml/AENLSB0A/index.html
dcs.suzuki.at	index	SPLASH	AENLSB0C	200	https://dcs.suzuki.at/Upload/Downloads/Service/ServiceManuals/SPLASH/xml/AENLSB0C/index.html
dcs.suzuki.at	index	SPLASH	ADU8RW0A	200	https://dcs.suzuki.at/Upload/Downloads/Service/ServiceManuals/SPLASH/xml/ADU8RW0A/index.html
dcs.suzuki.at	index	SPLASH	AEN7RW0A	200	https://dcs.suzuki.at/Upload/Downloads/Service/ServiceManuals/SPLASH/xml/AEN7RW0A/index.html
dcs.suzuki.at	index	SPLASH	ASP8RW0A	200	https://dcs.suzuki.at/Upload/Downloads/Service/ServiceManuals/SPLASH/xml/ASP8RW0A/index.html
dcs.suzuki.at	index	SUPER_CARRY	AENLBA0C	200	https://dcs.suzuki.at/Upload/Downloads/Service/ServiceManuals/SUPER_CARRY/xml/AENLBA0C/index.html
dcs.suzuki.at	index	SUPER_CARRY	AENLJA0A	200	https://dcs.suzuki.at/Upload/Downloads/Service/ServiceManuals/SUPER_CARRY/xml/AENLJA0A/index.html
dcs.suzuki.at	index	SUPER_CARRY	AENKSB0A	200	https://dcs.suzuki.at/Upload/Downloads/Service/ServiceManuals/SUPER_CARRY/xml/AENKSB0A/index.html
dcs.suzuki.at	index	SUPER_CARRY	AENLSB0A	200	https://dcs.suzuki.at/Upload/Downloads/Service/ServiceManuals/SUPER_CARRY/xml/AENLSB0A/index.html
dcs.suzuki.at	index	SUPER_CARRY	AENLSB0C	200	https://dcs.suzuki.at/Upload/Downloads/Service/ServiceManuals/SUPER_CARRY/xml/AENLSB0C/index.html
dcs.suzuki.at	index	SUPER_CARRY	ADU8RW0A	200	https://dcs.suzuki.at/Upload/Downloads/Service/ServiceManuals/SUPER_CARRY/xml/ADU8RW0A/index.html
dcs.suzuki.at	index	SUPER_CARRY	AEN7RW0A	200	https://dcs.suzuki.at/Upload/Downloads/Service/ServiceManuals/SUPER_CARRY/xml/AEN7RW0A/index.html
dcs.suzuki.at	index	SUPER_CARRY	ASP8RW0A	200	https://dcs.suzuki.at/Upload/Downloads/Service/ServiceManuals/SUPER_CARRY/xml/ASP8RW0A/index.html
dcs.suzuki.at	index	SWIFT_A2L310_A2L412_A2L414	AENLBA0C	200	https://dcs.suzuki.at/Upload/Downloads/Service/ServiceManuals/SWIFT_A2L310_A2L412_A2L414/xml/AENLBA0C/index.html
dcs.suzuki.at	index	SWIFT_A2L310_A2L412_A2L414	AENLJA0A	200	https://dcs.suzuki.at/Upload/Downloads/Service/ServiceManuals/SWIFT_A2L310_A2L412_A2L414/xml/AENLJA0A/index.html
dcs.suzuki.at	index	SWIFT_A2L310_A2L412_A2L414	AENKSB0A	200	https://dcs.suzuki.at/Upload/Downloads/Service/ServiceManuals/SWIFT_A2L310_A2L412_A2L414/xml/AENKSB0A/index.html
dcs.suzuki.at	index	SWIFT_A2L310_A2L412_A2L414	AENLSB0A	200	https://dcs.suzuki.at/Upload/Downloads/Service/ServiceManuals/SWIFT_A2L310_A2L412_A2L414/xml/AENLSB0A/index.html
dcs.suzuki.at	index	SWIFT_A2L310_A2L412_A2L414	AENLSB0C	200	https://dcs.suzuki.at/Upload/Downloads/Service/ServiceManuals/SWIFT_A2L310_A2L412_A2L414/xml/AENLSB0C/index.html
dcs.suzuki.at	index	SWIFT_A2L310_A2L412_A2L414	ADU8RW0A	200	https://dcs.suzuki.at/Upload/Downloads/Service/ServiceManuals/SWIFT_A2L310_A2L412_A2L414/xml/ADU8RW0A/index.html
dcs.suzuki.at	index	SWIFT_A2L310_A2L412_A2L414	AEN7RW0A	200	https://dcs.suzuki.at/Upload/Downloads/Service/ServiceManuals/SWIFT_A2L310_A2L412_A2L414/xml/AEN7RW0A/index.html
dcs.suzuki.at	index	SWIFT_A2L310_A2L412_A2L414	ASP8RW0A	200	https://dcs.suzuki.at/Upload/Downloads/Service/ServiceManuals/SWIFT_A2L310_A2L412_A2L414/xml/ASP8RW0A/index.html
dcs.suzuki.at	index	SWIFT_AZG412_AZG413D_AZG416	AENLBA0C	200	https://dcs.suzuki.at/Upload/Downloads/Service/ServiceManuals/SWIFT_AZG412_AZG413D_AZG416/xml/AENLBA0C/index.html
dcs.suzuki.at	index	SWIFT_AZG412_AZG413D_AZG416	AENLJA0A	200	https://dcs.suzuki.at/Upload/Downloads/Service/ServiceManuals/SWIFT_AZG412_AZG413D_AZG416/xml/AENLJA0A/index.html
dcs.suzuki.at	index	SWIFT_AZG412_AZG413D_AZG416	AENKSB0A	200	https://dcs.suzuki.at/Upload/Downloads/Service/ServiceManuals/SWIFT_AZG412_AZG413D_AZG416/xml/AENKSB0A/index.html
dcs.suzuki.at	index	SWIFT_AZG412_AZG413D_AZG416	AENLSB0A	200	https://dcs.suzuki.at/Upload/Downloads/Service/ServiceManuals/SWIFT_AZG412_AZG413D_AZG416/xml/AENLSB0A/index.html
dcs.suzuki.at	index	SWIFT_AZG412_AZG413D_AZG416	AENLSB0C	200	https://dcs.suzuki.at/Upload/Downloads/Service/ServiceManuals/SWIFT_AZG412_AZG413D_AZG416/xml/AENLSB0C/index.html
dcs.suzuki.at	index	SWIFT_AZG412_AZG413D_AZG416	ADU8RW0A	200	https://dcs.suzuki.at/Upload/Downloads/Service/ServiceManuals/SWIFT_AZG412_AZG413D_AZG416/xml/ADU8RW0A/index.html
dcs.suzuki.at	index	SWIFT_AZG412_AZG413D_AZG416	AEN7RW0A	200	https://dcs.suzuki.at/Upload/Downloads/Service/ServiceManuals/SWIFT_AZG412_AZG413D_AZG416/xml/AEN7RW0A/index.html
dcs.suzuki.at	index	SWIFT_AZG412_AZG413D_AZG416	ASP8RW0A	200	https://dcs.suzuki.at/Upload/Downloads/Service/ServiceManuals/SWIFT_AZG412_AZG413D_AZG416/xml/ASP8RW0A/index.html
dcs.suzuki.at	index	SX4	AENLBA0C	200	https://dcs.suzuki.at/Upload/Downloads/Service/ServiceManuals/SX4/xml/AENLBA0C/index.html
dcs.suzuki.at	index	SX4	AENLJA0A	200	https://dcs.suzuki.at/Upload/Downloads/Service/ServiceManuals/SX4/xml/AENLJA0A/index.html
dcs.suzuki.at	index	SX4	AENKSB0A	200	https://dcs.suzuki.at/Upload/Downloads/Service/ServiceManuals/SX4/xml/AENKSB0A/index.html
dcs.suzuki.at	index	SX4	AENLSB0A	200	https://dcs.suzuki.at/Upload/Downloads/Service/ServiceManuals/SX4/xml/AENLSB0A/index.html
dcs.suzuki.at	index	SX4	AENLSB0C	200	https://dcs.suzuki.at/Upload/Downloads/Service/ServiceManuals/SX4/xml/AENLSB0C/index.html
dcs.suzuki.at	index	SX4	ADU8RW0A	200	https://dcs.suzuki.at/Upload/Downloads/Service/ServiceManuals/SX4/xml/ADU8RW0A/index.html
dcs.suzuki.at	index	SX4	AEN7RW0A	200	https://dcs.suzuki.at/Upload/Downloads/Service/ServiceManuals/SX4/xml/AEN7RW0A/index.html
dcs.suzuki.at	index	SX4	ASP8RW0A	200	https://dcs.suzuki.at/Upload/Downloads/Service/ServiceManuals/SX4/xml/ASP8RW0A/index.html
dcs.suzuki.at	index	SX4_RW415_RW416_RW420	AENLBA0C	200	https://dcs.suzuki.at/Upload/Downloads/Service/ServiceManuals/SX4_RW415_RW416_RW420/xml/AENLBA0C/index.html
dcs.suzuki.at	index	SX4_RW415_RW416_RW420	AENLJA0A	200	https://dcs.suzuki.at/Upload/Downloads/Service/ServiceManuals/SX4_RW415_RW416_RW420/xml/AENLJA0A/index.html
dcs.suzuki.at	index	SX4_RW415_RW416_RW420	AENKSB0A	200	https://dcs.suzuki.at/Upload/Downloads/Service/ServiceManuals/SX4_RW415_RW416_RW420/xml/AENKSB0A/index.html
dcs.suzuki.at	index	SX4_RW415_RW416_RW420	AENLSB0A	200	https://dcs.suzuki.at/Upload/Downloads/Service/ServiceManuals/SX4_RW415_RW416_RW420/xml/AENLSB0A/index.html
dcs.suzuki.at	index	SX4_RW415_RW416_RW420	AENLSB0C	200	https://dcs.suzuki.at/Upload/Downloads/Service/ServiceManuals/SX4_RW415_RW416_RW420/xml/AENLSB0C/index.html
dcs.suzuki.at	index	SX4_RW415_RW416_RW420	ADU8RW0A	200	https://dcs.suzuki.at/Upload/Downloads/Service/ServiceManuals/SX4_RW415_RW416_RW420/xml/ADU8RW0A/index.html
dcs.suzuki.at	index	SX4_RW415_RW416_RW420	AEN7RW0A	200	https://dcs.suzuki.at/Upload/Downloads/Service/ServiceManuals/SX4_RW415_RW416_RW420/xml/AEN7RW0A/index.html
dcs.suzuki.at	index	SX4_RW415_RW416_RW420	ASP8RW0A	200	https://dcs.suzuki.at/Upload/Downloads/Service/ServiceManuals/SX4_RW415_RW416_RW420/xml/ASP8RW0A/index.html
dcs.suzuki.at	index	XL6	AENLBA0C	200	https://dcs.suzuki.at/Upload/Downloads/Service/ServiceManuals/XL6/xml/AENLBA0C/index.html
dcs.suzuki.at	index	XL6	AENLJA0A	200	https://dcs.suzuki.at/Upload/Downloads/Service/ServiceManuals/XL6/xml/AENLJA0A/index.html
dcs.suzuki.at	index	XL6	AENKSB0A	200	https://dcs.suzuki.at/Upload/Downloads/Service/ServiceManuals/XL6/xml/AENKSB0A/index.html
dcs.suzuki.at	index	XL6	AENLSB0A	200	https://dcs.suzuki.at/Upload/Downloads/Service/ServiceManuals/XL6/xml/AENLSB0A/index.html
dcs.suzuki.at	index	XL6	AENLSB0C	200	https://dcs.suzuki.at/Upload/Downloads/Service/ServiceManuals/XL6/xml/AENLSB0C/index.html
dcs.suzuki.at	index	XL6	ADU8RW0A	200	https://dcs.suzuki.at/Upload/Downloads/Service/ServiceManuals/XL6/xml/ADU8RW0A/index.html
dcs.suzuki.at	index	XL6	AEN7RW0A	200	https://dcs.suzuki.at/Upload/Downloads/Service/ServiceManuals/XL6/xml/AEN7RW0A/index.html
dcs.suzuki.at	index	XL6	ASP8RW0A	200	https://dcs.suzuki.at/Upload/Downloads/Service/ServiceManuals/XL6/xml/ASP8RW0A/index.html
